Species_id,scientificName,locality,latitude,longitude,eventDate
1,Stipiturus mallee,Hattah-Kulkyne National Park--Nowingi Track,-34.6911519,142.2727855,29-01-2016
1,Stipiturus mallee,Hattah-Kulkyne National Park--Nowingi Track,-34.6911519,142.2727855,18-01-2016
1,Stipiturus mallee,Hattah-Kulkyne National Park--Nowingi Track,-34.6911519,142.2727855,28-01-2016
1,Stipiturus mallee,Hattah-Kulkyne National Park,-34.7526497,142.3431587,05-01-2015
1,Stipiturus mallee,Hattah-Kulkyne National Park--Nowingi Track/Old Calder Hwy junction,-34.6942,142.27071,19-01-2017
1,Stipiturus mallee,Hattah-Kulkyne National Park--Nowingi Track,-34.6911519,142.2727855,06-01-2015
1,Stipiturus mallee,Hattah-Kulkyne National Park,-34.7555268,142.338438,06-01-2019
1,Stipiturus mallee,Hattah-Kulkyne National Park--Nowingi Track,-34.6911519,142.2727855,17-01-2016
1,Stipiturus mallee,Hattah-Kulkyne National Park--Nowingi Track,-34.6911519,142.2727855,06-01-2015
1,Stipiturus mallee,Hattah-Kulkyne National Park--Nowingi Track,-34.6911519,142.2727855,06-01-2015
1,Stipiturus mallee,Hattah-Kulkyne National Park--Nowingi Track,-34.6911519,142.2727855,18-01-2016
1,Stipiturus mallee,Hattah-Kulkyne National Park,-34.7526497,142.3431587,30-01-2016
1,Stipiturus mallee,Old Calder/Nowingi/Ranger Station,-34.7630519,142.32934,11-01-2016
1,Stipiturus mallee,Murray-Sunset National Park,-34.8014,141.57531,29-01-2019
1,Stipiturus mallee,Hattah-Kulkyne National Park,-34.7526497,142.3431587,05-01-2015
1,Stipiturus mallee,Hattah-Kulkyne National Park,-34.7555268,142.338438,07-01-2019
1,Stipiturus mallee,Hattah-Kulkyne National Park--Nowingi Track,-34.6911519,142.2727855,17-01-2016
1,Stipiturus mallee,Hattah-Kulkyne National Park--Hattah Nature Walk,-34.7603096,142.3223448,11-01-2016
1,Stipiturus mallee,Hattah-Kulkyne National Park--Nowingi Track,-34.6911519,142.2727855,28-01-2016
1,Stipiturus mallee,Hattah-Kulkyne National Park,-34.7555268,142.338438,06-01-2019
1,Stipiturus mallee,Hattah-Kulkyne National Park,-34.7555268,142.338438,06-01-2019
1,Stipiturus mallee,Murray-Sunset National Park--Honeymoon Hut Track,-34.9157778,141.9897079,31-01-2016
1,Stipiturus mallee,Hattah-Kulkyne National Park,-34.7526497,142.3431587,26-02-2017
1,Stipiturus mallee,-34.691x142.274 - 27 Feb 2016 19:43,-34.6913986,142.2739959,27-02-2016
1,Stipiturus mallee,"Hattah-Kulkyne National Park--Old Calder Hwy at -34.84142, 142.34951",-34.84142,142.34951,01-02-2016
2,Ningaui yvonneae,"Big Desert, Pella Track",-35.87,141.684,08-02-2017
1,Stipiturus mallee,"Hattah-Kulkyne National Park--Old Calder Hwy at -34.84142, 142.34951",-34.84142,142.34951,01-02-2016
1,Stipiturus mallee,AU-Victoria-Hattah-Unnamed Rd - -34.691x142.274,-34.6906101,142.2735565,28-02-2016
3,Ctenophorus fordi,"Hattah Nature Walk, Hattah VIC 3501, Australia",-34.76001194,142.32113,01-02-2016
1,Stipiturus mallee,Hattah-Kulkyne National Park--Nowingi Track,-34.6911519,142.2727855,27-02-2016
1,Stipiturus mallee,Hattah-Kulkyne National Park,-34.7555268,142.338438,20-02-2018
1,Stipiturus mallee,Hattah-Kulkyne National Park,-34.710309,142.4043667,06-02-2015
1,Stipiturus mallee,Hattah-Kulkyne National Park--Nowingi Track 1km N of Konardin Track,-34.6755132,142.2711039,23-03-2019
1,Stipiturus mallee,Hattah-Kulkyne National Park,-34.7555268,142.338438,09-03-2019
1,Stipiturus mallee,Hattah-Kulkyne National Park,-34.7555268,142.338438,30-03-2018
1,Stipiturus mallee,Hattah-Kulkyne National Park--Nowingi Track,-34.6911519,142.2727855,25-03-2019
1,Stipiturus mallee,Hattah-Kulkyne National Park,-34.7526497,142.3431587,19-03-2015
1,Stipiturus mallee,Hattah-Kulkyne National Park,-34.7526497,142.3431587,15-03-2015
1,Stipiturus mallee,"AU-VIC-Hattah-Kulkyne National Park - -34.6850x142.2711 - 5 Mar 2017, 9:18 am",-34.685039,142.271116,05-03-2017
1,Stipiturus mallee,Hattah-Kulkyne National Park,-34.7555268,142.338438,20-03-2018
1,Stipiturus mallee,Hattah-Kulkyne National Park--Konardin Track,-34.68529,142.30131,02-03-2015
1,Stipiturus mallee,Hattah-Kulkyne National Park--Nowingi Track/Old Calder Hwy junction,-34.6942,142.27071,21-03-2015
1,Stipiturus mallee,Hattah-Kulkyne National Park--Nowingi Track,-34.6911519,142.2727855,23-03-2019
1,Stipiturus mallee,Hattah-Kulkyne National Park,-34.7555268,142.338438,13-03-2018
1,Stipiturus mallee,Murray-Sunset National Park--Pheenys Campground,-34.71548,141.179834,27-03-2019
1,Stipiturus mallee,Murray-Sunset National Park--Pheenys Campground,-34.71548,141.179834,26-03-2019
1,Stipiturus mallee,Murray-Sunset National Park,-34.8014,141.57531,31-03-2018
3,Ctenophorus fordi,"site \""Milmed 4\"", Big Desert",-35.6681,141.715,14-03-2017
1,Stipiturus mallee,Hattah-Kulkyne National Park--Nowingi Track,-34.6911519,142.2727855,23-03-2019
3,Ctenophorus fordi,Cov8,-35.8723,141.6758,31-03-2016
3,Ctenophorus fordi,"site \""Milmed 4\"", Big Desert",-35.6681,141.715,14-03-2017
1,Stipiturus mallee,Hattah-Kulkyne National Park--Nowingi Track/Old Calder Hwy junction,-34.6942,142.27071,11-03-2017
1,Stipiturus mallee,"35?ø1'24\"" S 141?ø44'15\"" E",-35.0375921,141.7496878,17-04-2017
1,Stipiturus mallee,Murray-Sunset National Park--Pink Lakes,-35.048057,141.7216587,17-04-2017
1,Stipiturus mallee,Hattah-Kulkyne National Park,-34.7555268,142.338438,22-04-2018
1,Stipiturus mallee,Hattah-Kulkyne National Park,-34.7526497,142.3431587,09-04-2016
1,Stipiturus mallee,"(-34.762, 142.32)",-34.7624131,142.3204669,01-04-2018
1,Stipiturus mallee,Hattah-Kulkyne National Park,-34.7555268,142.338438,12-04-2019
1,Stipiturus mallee,Hattah-Kulkyne National Park,-34.7555268,142.338438,05-04-2018
1,Stipiturus mallee,Hattah-Kulkyne National Park,-34.7555268,142.338438,11-04-2019
1,Stipiturus mallee,"(-34.756, 142.325)",-34.7561125,142.3248047,01-04-2018
1,Stipiturus mallee,Hattah-Kulkyne National Parkƒ??Nowingi / Konardin Track,-34.683611,142.271104,19-04-2019
1,Stipiturus mallee,Hattah-Kulkyne National Park,-34.7555268,142.338438,11-04-2018
1,Stipiturus mallee,Hattah-Konardin Tk-partway 2,-34.690391,142.328092,17-04-2016
1,Stipiturus mallee,Hattah-Kulkyne National Park--Nowingi Track,-34.6911519,142.2727855,28-04-2017
1,Stipiturus mallee,Hattah-Kulkyne National Park--Nowingi Track,-34.6911519,142.2727855,30-04-2017
1,Stipiturus mallee,Hattah-Kulkyne National Park,-34.7555268,142.338438,27-04-2018
1,Stipiturus mallee,Hattah-Kulkyne National Park--Nowingi Track,-34.6911519,142.2727855,07-04-2018
1,Stipiturus mallee,"Hattah-Kulkyne National Park--Konardin Tk at -34.6866, 142.3109",-34.68657,142.3109,17-04-2016
1,Stipiturus mallee,"Old Calder Hwy, Hattah",-34.7432582,142.3235321,15-04-2017
1,Stipiturus mallee,Hattah-Kulkyne National Park--Nowingi Track,-34.6911519,142.2727855,24-04-2017
1,Stipiturus mallee,Hattah-Kulkyne National Park--Konardin Track,-34.68529,142.30131,12-04-2015
1,Stipiturus mallee,Hattah-Kulkyne National Park,-34.7555268,142.338438,22-04-2018
1,Stipiturus mallee,Hattah-Kulkyne National Park,-34.7555268,142.338438,06-04-2018
1,Stipiturus mallee,Hattah-Kulkyne National Park,-34.7526497,142.3431587,19-04-2017
1,Stipiturus mallee,Hattah-Kulkyne National Park--Nowingi Track,-34.6911519,142.2727855,15-04-2017
1,Stipiturus mallee,Hattah-Kulkyne National Park--Nowingi Track,-34.6911519,142.2727855,06-04-2017
1,Stipiturus mallee,Hattah-Kulkyne National Park--Nowingi Track,-34.6911519,142.2727855,23-04-2017
1,Stipiturus mallee,Hattah-Kulkyne National Park,-34.7555268,142.338438,12-04-2019
1,Stipiturus mallee,Hattah-Kulkyne National Parkƒ??Nowingi / Konardin Track,-34.683611,142.271104,19-04-2019
1,Stipiturus mallee,Hattah-Kulkyne National Park,-34.7526497,142.3431587,11-04-2017
,Aprasia inaurita,Cov12,-35.8626,141.7198,04-04-2016
1,Stipiturus mallee,Hattah-Kulkyne National Park,-34.7526497,142.3431587,18-04-2017
1,Stipiturus mallee,Murray-Sunset National Park,-34.8014,141.57531,07-04-2018
1,Stipiturus mallee,Hattah-Kulkyne National Park,-34.7526497,142.3431587,06-04-2015
,Aprasia inaurita,Cov12,-35.8626,141.7198,02-04-2016
1,Stipiturus mallee,Hattah-Kulkyne National Park--Hattah Nature Walk,-34.7603096,142.3223448,17-04-2017
1,Stipiturus mallee,Hattah-Kulkyne National Park--Konardin Track,-34.68529,142.30131,28-04-2018
1,Stipiturus mallee,Hattah-Kulkyne National Park--Konardin Track,-34.68529,142.30131,15-04-2016
1,Stipiturus mallee,Hattah-Kulkyne National Park--Konardin Track at 34 41 01S 142 16 33E,-34.68356,142.27589,15-04-2016
1,Stipiturus mallee,Hattah-Kulkyne National Park,-34.7555268,142.338438,07-04-2018
1,Stipiturus mallee,Hattah-Kulkyne National Park--Nowingi Track/Old Calder Hwy junction,-34.6942,142.27071,18-04-2015
3,Ctenophorus fordi,Clemann incidental,-35.907,141.656,02-04-2016
1,Stipiturus mallee,Hattah-Kulkyne National Park,-34.7526497,142.3431587,06-04-2016
1,Stipiturus mallee,Murray-Sunset National Park,-34.8014,141.57531,21-04-2018
1,Stipiturus mallee,Hattah-Kulkyne National Park--Nowingi Track,-34.6911519,142.2727855,17-04-2017
1,Stipiturus mallee,Hattah-Kulkyne National Park,-34.7555268,142.338438,05-04-2018
1,Stipiturus mallee,Hattah-Kulkyne National Park--Konardin Track,-34.68529,142.30131,28-04-2018
,Aprasia inaurita,Cov12,-35.8626,141.7198,04-04-2016
1,Stipiturus mallee,Hattah-Kulkyne National Park--Nowingi Track,-34.6911519,142.2727855,06-04-2017
1,Stipiturus mallee,Hattah-Kulkyne National Park--Konardin Track,-34.68529,142.30131,17-04-2019
1,Stipiturus mallee,Hattah-Kulkyne National Park--Nowingi Track/Old Calder Hwy junction,-34.6942,142.27071,01-04-2018
1,Stipiturus mallee,Hattah-Kulkyne National Park,-34.7555268,142.338438,12-04-2019
1,Stipiturus mallee,Hattah-Kulkyne National Park--Nowingi Track,-34.6911519,142.2727855,07-04-2018
1,Stipiturus mallee,Hattah-Kulkyne National Park,-34.7555268,142.338438,22-04-2018
1,Stipiturus mallee,Hattah-Kulkyne National Park,-34.7555268,142.338438,06-04-2018
1,Stipiturus mallee,Hattah-Kulkyne National Park--Konardin Track,-34.68529,142.30131,18-04-2019
1,Stipiturus mallee,Hattah-Kulkyne National Park,-34.7526497,142.3431587,28-04-2017
1,Stipiturus mallee,"Nowingi Track, Hattah, Victoria, AU (-34.694, 142.271)",-34.6936023,142.2707975,01-04-2018
1,Stipiturus mallee,Hattah-Kulkyne National Park,-34.7526497,142.3431587,15-05-2017
1,Stipiturus mallee,Hattah-Kulkyne National Park,-34.7526497,142.3431587,28-05-2017
1,Stipiturus mallee,BL_Nowingi_03_03,-34.682,142.228,15-05-2016
1,Stipiturus mallee,Hattah-Kulkyne National Park,-34.7526497,142.3431587,18-05-2017
1,Stipiturus mallee,Hattah-Kulkyne National Park--Nowingi Track,-34.6911519,142.2727855,08-05-2017
1,Stipiturus mallee,Hattah-Kulkyne National Parkƒ??Nowingi / Konardin Track,-34.683611,142.271104,12-05-2019
1,Stipiturus mallee,Murray-Sunset National Park,-34.8014,141.57531,16-05-2017
1,Stipiturus mallee,Hattah-Kulkyne National Park,-34.7526497,142.3431587,18-05-2017
1,Stipiturus mallee,Hattah-Kulkyne National Park,-34.7526497,142.3431587,18-05-2017
1,Stipiturus mallee,Hattah-Kulkyne National Park,-34.7526497,142.3431587,18-05-2017
1,Stipiturus mallee,Murray-Sunset National Park,-34.8014,141.57531,26-05-2017
1,Stipiturus mallee,Hattah-Kulkyne National Park,-34.7526497,142.3431587,18-05-2017
1,Stipiturus mallee,Hattah-Kulkyne National Park,-34.7526497,142.3431587,17-05-2017
1,Stipiturus mallee,Hattah-Kulkyne National Park,-34.7555268,142.338438,28-05-2018
1,Stipiturus mallee,Hattah-Kulkyne National Park,-34.7526497,142.3431587,17-05-2017
1,Stipiturus mallee,Hattah-Kulkyne National Park--Nowingi Track,-34.6911519,142.2727855,08-05-2017
1,Stipiturus mallee,Hattah-Kulkyne National Park--Nowingi Track,-34.6911519,142.2727855,28-05-2017
1,Stipiturus mallee,Hattah-Kulkyne National Park,-34.7526497,142.3431587,27-05-2017
1,Stipiturus mallee,Hattah-Kulkyne National Park,-34.7526497,142.3431587,18-05-2017
1,Stipiturus mallee,Hattah-Kulkyne National Park,-34.7555268,142.338438,11-05-2018
1,Stipiturus mallee,Hattah-Kulkyne National Park--Nowingi Track,-34.6911519,142.2727855,07-05-2018
1,Stipiturus mallee,Hattah-Kulkyne National Park,-34.7526497,142.3431587,14-05-2017
1,Stipiturus mallee,Hattah-Kulkyne National Park,-34.7526497,142.3431587,15-05-2017
1,Stipiturus mallee,Hattah-Kulkyne National Park,-34.7526497,142.3431587,28-05-2017
1,Stipiturus mallee,Hattah-Kulkyne National Park,-34.7526497,142.3431587,18-05-2017
1,Stipiturus mallee,Hattah-Kulkyne National Park,-34.7555268,142.338438,26-05-2019
1,Stipiturus mallee,Hattah-Kulkyne National Park,-34.7526497,142.3431587,17-05-2017
1,Stipiturus mallee,Hattah-Kulkyne National Park--Nowingi Track,-34.6911519,142.2727855,18-05-2018
1,Stipiturus mallee,Hattah-Kulkyne National Park,-34.7526497,142.3431587,17-05-2017
1,Stipiturus mallee,Hattah-Kulkyne National Park--Nowingi Track,-34.6911519,142.2727855,28-05-2017
1,Stipiturus mallee,Hattah-Kulkyne National Park,-34.7526497,142.3431587,23-05-2016
1,Stipiturus mallee,"AU-VIC-Hattah-Kulkyne National Park - -34.6916x142.2704 - 18 May 2017, 12:08 pm",-34.691631,142.270449,18-05-2017
1,Stipiturus mallee,Hattah-Kulkyne National Park--Konardin Track,-34.68529,142.30131,10-05-2018
1,Stipiturus mallee,BL_Nowingi_01_07,-34.6691,142.2275,15-05-2016
1,Stipiturus mallee,Hattah-Kulkyne National Park,-34.7526497,142.3431587,27-05-2017
1,Stipiturus mallee,Hattah-Kulkyne National Park--Nowingi Track,-34.6911519,142.2727855,28-05-2017
,Northiella haematogaster,Pinnaroo,-35.3495,140.9661,15-05-2016
1,Stipiturus mallee,Murray-Sunset National Park,-34.8014,141.57531,16-05-2017
1,Stipiturus mallee,BL_Nowingi_03_05,-34.6849,142.2309,15-05-2016
1,Stipiturus mallee,BL_Nowingi_03_04,-34.683,142.231,15-05-2016
1,Stipiturus mallee,BL_Nowingi_12_04,-34.7014,142.2541,15-05-2016
1,Stipiturus mallee,Hattah-Kulkyne National Park,-34.7526497,142.3431587,05-05-2016
1,Stipiturus mallee,Hattah-Kulkyne National Park--Nowingi Track,-34.6911519,142.2727855,29-05-2017
1,Stipiturus mallee,Murray-Sunset National Park,-34.8014,141.57531,26-05-2017
1,Stipiturus mallee,Hattah-Kulkyne National Park,-34.7526497,142.3431587,17-05-2017
1,Stipiturus mallee,Hattah-Kulkyne National Park--Nowingi Track,-34.6911519,142.2727855,08-05-2018
1,Stipiturus mallee,Hattah-Kulkyne National Park,-34.7526497,142.3431587,14-05-2017
1,Stipiturus mallee,Hattah-Kulkyne National Park,-34.7526497,142.3431587,05-05-2016
1,Stipiturus mallee,BL_Nowingi_02_02,-34.6763,142.2442,15-05-2016
1,Stipiturus mallee,Murray-Sunset National Park,-34.8014,141.57531,16-05-2017
1,Stipiturus mallee,Hattah-Kulkyne National Park,-34.7526497,142.3431587,17-05-2017
1,Stipiturus mallee,Murray-Sunset National Park,-34.8014,141.57531,26-05-2017
1,Stipiturus mallee,Hattah-Kulkyne National Park--Nowingi Track/Old Calder Hwy junction,-34.6942,142.27071,08-05-2017
1,Stipiturus mallee,Murray-Sunset National Park,-34.8014,141.57531,11-06-2016
1,Stipiturus mallee,Hattah-Kulkyne National Park,-34.7555268,142.338438,22-06-2018
1,Stipiturus mallee,Hattah-Kulkyne National Park,-34.7555268,142.338438,18-06-2019
1,Stipiturus mallee,Hattah-Kulkyne National Park--Nowingi Track,-34.6911519,142.2727855,11-06-2017
1,Stipiturus mallee,Hattah-Kulkyne National Park,-34.7526497,142.3431587,10-06-2015
1,Stipiturus mallee,Hattah-Kulkyne National Park--Mournpall Track,-34.74271,142.34944,22-06-2016
1,Stipiturus mallee,"Hattah-Kulkyne National Park--Old Calder Hwy at -34.84142, 142.34951",-34.84142,142.34951,18-06-2019
1,Stipiturus mallee,Hattah-Kulkyne National Park,-34.7526497,142.3431587,09-06-2015
1,Stipiturus mallee,Hattah-Kulkyne National Park,-34.7555268,142.338438,18-06-2019
1,Stipiturus mallee,Hattah-Kulkyne National Park--Nowingi Track,-34.6911519,142.2727855,02-06-2016
1,Stipiturus mallee,Hattah-Kulkyne National Park,-34.7555268,142.338438,03-06-2018
1,Stipiturus mallee,Hattah-Kulkyne National Park--Nowingi Track 1km N of Konardin Track,-34.6755132,142.2711039,14-06-2015
1,Stipiturus mallee,Hattah-Kulkyne National Park--Nowingi Track,-34.6911519,142.2727855,11-06-2017
1,Stipiturus mallee,Hattah-Kulkyne National Park--Nowingi Track/Old Calder Hwy junction,-34.6942,142.27071,08-06-2019
1,Stipiturus mallee,"(-34.695, 142.271)",-34.6948634,142.2706265,30-07-2019
1,Stipiturus mallee,Murray-Sunset National Park,-34.8014,141.57531,17-07-2015
1,Stipiturus mallee,Hattah-Kulkyne National Park,-34.7526497,142.3431587,31-07-2017
1,Stipiturus mallee,Hattah-Kulkyne National Park,-34.7526497,142.3431587,15-07-2015
1,Stipiturus mallee,Hattah-Kulkyne National Park,-34.7526497,142.3431587,08-07-2017
1,Stipiturus mallee,Hattah-Kulkyne National Park,-34.7526497,142.3431587,31-07-2017
1,Stipiturus mallee,Hattah-Kulkyne National Park,-34.7526497,142.3431587,31-07-2017
1,Stipiturus mallee,"Nowingi Track, Hattah, Victoria, AU (-34.694, 142.271)",-34.6941461,142.2705325,31-07-2019
1,Stipiturus mallee,Hattah-Kulkyne National Park,-34.7526497,142.3431587,16-07-2015
1,Stipiturus mallee,Hattah-Kulkyne National Park,-34.7526497,142.3431587,16-07-2015
1,Stipiturus mallee,Hattah-Kulkyne National Park,-34.7526497,142.3431587,04-07-2015
1,Stipiturus mallee,Hattah-Kulkyne National Park,-34.7526497,142.3431587,16-07-2015
1,Stipiturus mallee,Hattah-Kulkyne National Park,-34.7526497,142.3431587,05-07-2016
1,Stipiturus mallee,Hattah-Kulkyne National Park,-34.7526497,142.3431587,16-07-2016
1,Stipiturus mallee,Hattah-Kulkyne National Park,-34.7526497,142.3431587,15-07-2015
1,Stipiturus mallee,"Nowingi Track, Hattah",-34.7090025,142.283644,03-07-2019
1,Stipiturus mallee,Hattah-Kulkyne National Park,-34.7526497,142.3431587,10-07-2015
1,Stipiturus mallee,Hattah-Kulkyne National Park,-34.7526497,142.3431587,31-07-2017
1,Stipiturus mallee,Murray-Sunset National Park,-34.8014,141.57531,17-07-2015
1,Stipiturus mallee,Hattah-Kulkyne National Park,-34.7526497,142.3431587,15-07-2015
1,Stipiturus mallee,Hattah-Kulkyne National Park--Nowingi Track,-34.6911519,142.2727855,28-07-2019
1,Stipiturus mallee,Murray-Sunset National Park,-34.8014,141.57531,05-08-2018
1,Stipiturus mallee,Hattah-Kulkyne National Park,-34.7526497,142.3431587,22-08-2015
1,Stipiturus mallee,Hattah-Kulkyne National Park,-34.7555268,142.338438,29-08-2018
1,Stipiturus mallee,Hattah-Kulkyne National Park--Nowingi Track/Old Calder Hwy junction,-34.6942,142.27071,13-08-2016
1,Stipiturus mallee,Hattah-Kulkyne National Park,-34.7526497,142.3431587,15-08-2015
1,Stipiturus mallee,Hattah-Kulkyne National Park,-34.7555268,142.338438,04-08-2018
1,Stipiturus mallee,Hattah-Kulkyne National Park,-34.7555268,142.338438,04-08-2018
1,Stipiturus mallee,Hattah-Kulkyne National Park,-34.7555268,142.338438,12-08-2018
1,Stipiturus mallee,Hattah-Kulkyne National Park,-34.7526497,142.3431587,04-08-2016
1,Stipiturus mallee,Murray-Sunset National Park--Pink Lakes,-35.048057,141.7216587,29-08-2015
1,Stipiturus mallee,Hattah-Kulkyne National Park,-34.7555268,142.338438,11-08-2018
1,Stipiturus mallee,Murray-Sunset National Park,-34.8014,141.57531,05-08-2018
1,Stipiturus mallee,Hattah-Kulkyne National Park,-34.7555268,142.338438,04-08-2018
1,Stipiturus mallee,Hattah-Kulkyne National Park,-34.7526497,142.3431587,29-08-2015
1,Stipiturus mallee,Murray-Sunset National Park,-34.8014,141.57531,05-08-2018
1,Stipiturus mallee,Hattah-Kulkyne National Park--Nowingi Track,-34.6911519,142.2727855,12-08-2018
1,Stipiturus mallee,Hattah-Kulkyne National Park--Nowingi Track,-34.6911519,142.2727855,21-08-2017
1,Stipiturus mallee,Hattah-Kulkyne National Park,-34.7526497,142.3431587,17-08-2015
1,Stipiturus mallee,"Nowingi State Forest, Victoria",-34.6761703,142.2461486,13-08-2016
1,Stipiturus mallee,Hattah-Kulkyne National Park--Old Calder Hwy,-34.6875,142.26333,18-08-2015
1,Stipiturus mallee,Hattah-Kulkyne National Park,-34.7526497,142.3431587,23-09-2016
1,Stipiturus mallee,Hattah-Kulkyne National Park,-34.7555268,142.338438,29-09-2018
1,Stipiturus mallee,Murray-Sunset National Park--Pink Lakes,-35.048057,141.7216587,22-09-2017
1,Stipiturus mallee,Hattah-Kulkyne National Park,-34.7526497,142.3431587,22-09-2016
1,Stipiturus mallee,Murray-Sunset National Park--Pink Lakes,-35.048057,141.7216587,22-09-2017
1,Stipiturus mallee,Hattah-Kulkyne National Park,-34.7526497,142.3431587,23-09-2016
1,Stipiturus mallee,Hattah-Kulkyne National Park,-34.7526497,142.3431587,22-09-2017
1,Stipiturus mallee,Nowingi,-34.672335,142.240189,05-09-2015
1,Stipiturus mallee,Hattah-Kulkyne National Park--Warepil Walk,-34.71889,142.30944,16-09-2018
1,Stipiturus mallee,Hattah-Kulkyne National Park,-34.7526497,142.3431587,23-09-2017
1,Stipiturus mallee,"Hattah VIC 3501, Unnamed Road",-34.68365,142.27153,26-09-2015
1,Stipiturus mallee,Hattah-Kulkyne National Park,-34.7526497,142.3431587,23-09-2016
1,Stipiturus mallee,Hattah-Kulkyne National Park--Nowingi Track,-34.6911519,142.2727855,16-09-2018
1,Stipiturus mallee,Murray-Sunset National Park,-34.8014,141.57531,26-09-2018
1,Stipiturus mallee,Hattah-Kulkyne National Park,-34.7526497,142.3431587,22-09-2016
1,Stipiturus mallee,Hattah-Kulkyne National Park,-34.7526497,142.3431587,22-09-2016
1,Stipiturus mallee,Hattah-Kulkyne National Park--Nowingi Track,-34.6911519,142.2727855,27-09-2018
1,Stipiturus mallee,Hattah-Kulkyne National Park--Warepil Walk,-34.71889,142.30944,16-09-2018
1,Stipiturus mallee,Hattah-Kulkyne National Park--Hattah Nature Walk,-34.7603096,142.3223448,12-09-2015
1,Stipiturus mallee,Konardin Track,-34.683905,142.281502,26-09-2015
1,Stipiturus mallee,Hattah-Kulkyne National Parkƒ??Nowingi / Konardin Track,-34.683611,142.271104,16-09-2018
1,Stipiturus mallee,Hattah-Kulkyne National Park,-34.7526497,142.3431587,23-09-2016
1,Stipiturus mallee,Hattah-Kulkyne National Park,-34.7555268,142.338438,29-09-2018
1,Stipiturus mallee,Hattah-Kulkyne National Park,-34.7526497,142.3431587,23-09-2017
1,Stipiturus mallee,Hattah-Kulkyne National Park,-34.7526497,142.3431587,25-09-2017
1,Stipiturus mallee,Hattah-Kulkyne National Park--Nowingi Track,-34.6911519,142.2727855,28-09-2015
1,Stipiturus mallee,Hattah-Kulkyne National Park,-34.7526497,142.3431587,23-09-2016
1,Stipiturus mallee,Hattah-Kulkyne National Park,-34.7526497,142.3431587,23-09-2016
1,Stipiturus mallee,Hattah-Kulkyne National Park--Nowingi Track,-34.6911519,142.2727855,10-09-2017
1,Stipiturus mallee,Hattah-Kulkyne National Park,-34.7555268,142.338438,20-09-2018
1,Stipiturus mallee,Murray-Sunset National Park--Pink Lakes,-35.048057,141.7216587,22-09-2017
1,Stipiturus mallee,Hattah-Kulkyne National Park,-34.7526497,142.3431587,22-09-2016
1,Stipiturus mallee,Hattah-Kulkyne National Park,-34.7526497,142.3431587,25-09-2017
1,Stipiturus mallee,Hattah-Kulkyne National Park,-34.7526497,142.3431587,22-09-2016
1,Stipiturus mallee,Murray-Sunset National Park--Millewa South Bore,-34.7839195,141.0678005,05-09-2018
1,Stipiturus mallee,Hattah-Kulkyne National Park,-34.7555268,142.338438,29-09-2018
1,Stipiturus mallee,Hattah-Kulkyne National Park,-34.7526497,142.3431587,07-09-2017
1,Stipiturus mallee,Hattah-Kulkyne National Park,-34.7526497,142.3431587,06-09-2015
1,Stipiturus mallee,Hattah-Kulkyne National Park,-34.7526497,142.3431587,23-09-2016
1,Stipiturus mallee,Murray-Sunset National Park--Pink Lakes,-35.048057,141.7216587,22-09-2017
1,Stipiturus mallee,Murray-Sunset National Park--Pink Lakes,-35.048057,141.7216587,22-09-2017
1,Stipiturus mallee,Hattah-Kulkyne National Parkƒ??Nowingi / Konardin Track,-34.683611,142.271104,16-09-2018
1,Stipiturus mallee,Hattah-Kulkyne National Park--Nowingi Track,-34.6911519,142.2727855,28-09-2017
1,Stipiturus mallee,Hattah-Kulkyne National Park,-34.7526497,142.3431587,06-09-2017
1,Stipiturus mallee,Murray-Sunset National Park--Pink Lakes,-35.048057,141.7216587,22-09-2017
1,Stipiturus mallee,Murray-Sunset National Park--Millewa South Bore,-34.7839195,141.0678005,05-09-2018
1,Stipiturus mallee,Hattah-Kulkyne National Park,-34.7555268,142.338438,26-09-2018
1,Stipiturus mallee,Hattah-Kulkyne National Park,-34.7526497,142.3431587,23-09-2017
1,Stipiturus mallee,Hattah-Kulkyne National Park,-34.7526497,142.3431587,22-09-2016
1,Stipiturus mallee,Hattah-Kulkyne National Park--Nowingi Track,-34.6911519,142.2727855,02-09-2016
1,Stipiturus mallee,Hattah-Kulkyne National Park--Nowingi Track,-34.6911519,142.2727855,15-09-2015
1,Stipiturus mallee,"Calder Highway, Ouyen, Victoria, AU (-34.829, 142.294)",-34.8286764,142.2941754,28-09-2018
1,Stipiturus mallee,Pink Lakes--near south end of Mt Crozier Tk,-35.0312073,141.7563772,20-09-2018
1,Stipiturus mallee,Murray-Sunset National Park--Pink Lakes,-35.048057,141.7216587,25-09-2015
1,Stipiturus mallee,Hattah-Kulkyne National Park,-34.7526497,142.3431587,22-09-2016
1,Stipiturus mallee,Hattah-Kulkyne National Park,-34.7526497,142.3431587,23-09-2017
1,Stipiturus mallee,Hattah-Kulkyne National Park--Nowingi Track,-34.6911519,142.2727855,26-09-2016
1,Stipiturus mallee,Hattah-Kulkyne National Park,-34.7555268,142.338438,29-09-2018
1,Stipiturus mallee,Nowingi outing 9/2015,-34.6723113,142.2374496,05-09-2015
1,Stipiturus mallee,Hattah-Kulkyne National Park,-34.7526497,142.3431587,22-09-2016
1,Stipiturus mallee,AU-Victoria-Hattah-Hattah Entrance Road - -34.756x142.343,-34.755516,142.3428811,23-09-2017
1,Stipiturus mallee,Hattah-Kulkyne National Park--Nowingi Track,-34.6911519,142.2727855,02-09-2016
1,Stipiturus mallee,Hattah-Kulkyne National Park--Nowingi Track,-34.6911519,142.2727855,29-09-2015
1,Stipiturus mallee,Hattah-Kulkyne National Park--Nowingi Track,-34.6911519,142.2727855,11-09-2015
1,Stipiturus mallee,Hattah-Kulkyne National Park--Southern Truck Stop,-34.82877,142.2942,28-09-2018
1,Stipiturus mallee,Hattah-Kulkyne National Park,-34.7555268,142.338438,29-09-2018
1,Stipiturus mallee,Hattah-Kulkyne National Park--Nowingi Track/Old Calder Hwy junction,-34.6942,142.27071,06-09-2015
1,Stipiturus mallee,Murray-Sunset National Park--Pink Lakes,-35.048057,141.7216587,21-09-2017
1,Stipiturus mallee,Hattah-Kulkyne National Park--Nowingi Track/Old Calder Hwy junction,-34.6942,142.27071,06-09-2015
1,Stipiturus mallee,Hattah-Kulkyne National Park--Konardin Track,-34.68529,142.30131,21-09-2015
1,Stipiturus mallee,Hattah-Kulkyne National Park,-34.7526497,142.3431587,26-09-2017
1,Stipiturus mallee,Murray-Sunset National Park--Millewa South Bore,-34.7839195,141.0678005,28-09-2018
1,Stipiturus mallee,Hattah-Kulkyne National Park--Nowingi Track,-34.6911519,142.2727855,16-09-2018
1,Stipiturus mallee,Hattah-Kulkyne National Park--Nowingi Track,-34.6911519,142.2727855,27-09-2018
1,Stipiturus mallee,Murray-Sunset National Park--Pink Lakes,-35.048057,141.7216587,21-09-2017
1,Stipiturus mallee,Hattah-Kulkyne National Park--Nowingi Track,-34.6911519,142.2727855,11-10-2016
1,Stipiturus mallee,Hattah-Kulkyne National Park--Spectacle Lake Rd at Powerline Easement,-34.7506532,142.2620058,02-10-2017
1,Stipiturus mallee,Hattah-Kulkyne National Park--Nowingi Track,-34.6911519,142.2727855,10-10-2016
1,Stipiturus mallee,Hattah-Kulkyne National Park,-34.7555268,142.338438,28-10-2018
1,Stipiturus mallee,"AU-VIC-Hattah-Kulkyne National Park - -34.7188x142.2876 - Oct 12, 2015, 8:36 AM",-34.718789,142.287636,12-10-2015
1,Stipiturus mallee,Hattah-Kulkyne National Park--Nowingi Track,-34.6911519,142.2727855,10-10-2016
1,Stipiturus mallee,"(-34.7137,142.2837)",-34.713665,142.283672,19-10-2017
1,Stipiturus mallee,Hattah-Kulkyne National Park--Southern Truck Stop,-34.82877,142.2942,22-10-2015
1,Stipiturus mallee,Hattah-Kulkyne National Park,-34.7526497,142.3431587,12-10-2017
1,Stipiturus mallee,Hattah-Kulkyne National Park--Hattah Nature Walk,-34.7603096,142.3223448,25-10-2015
,Grallina cyanoleuca,"AU-SA-Mallee Highway - -35.2401x140.9649 - Oct 10, 2016, 2:38 PM",-35.240092,140.964892,10-10-2016
1,Stipiturus mallee,Hattah-Kulkyne National Park--Nowingi Track/Old Calder Hwy junction,-34.6942,142.27071,19-10-2017
1,Stipiturus mallee,Hattah-Kulkyne National Park--Konardin Track,-34.68529,142.30131,25-10-2015
1,Stipiturus mallee,Hattah-Kulkyne National Park,-34.7526497,142.3431587,21-10-2017
1,Stipiturus mallee,Hattah-Kulkyne National Park,-34.7526497,142.3431587,17-10-2016
1,Stipiturus mallee,Hattah-Kulkyne National Park,-34.7555268,142.338438,15-10-2018
1,Stipiturus mallee,"AU-VIC-Hattah-Kulkyne National Park - -34.7188x142.2876 - Oct 12, 2015, 8:36 AM",-34.718789,142.287636,12-10-2015
1,Stipiturus mallee,Hattah-Kulkyne National Park,-34.7526497,142.3431587,22-10-2017
1,Stipiturus mallee,Hattah-Kulkyne National Park,-34.7555268,142.338438,16-10-2018
1,Stipiturus mallee,"AU-VIC-Hattah-Kulkyne National Park - -34.6936x142.2718 - 20 Oct 2015, 07:18",-34.693648,142.271846,20-10-2015
1,Stipiturus mallee,Murray-Sunset National Park,-34.8014,141.57531,23-10-2015
1,Stipiturus mallee,Hattah-Kulkyne National Park--Nowingi Track/Old Calder Hwy junction,-34.6942,142.27071,19-10-2017
1,Stipiturus mallee,Hattah-Kulkyne National Park,-34.7555268,142.338438,16-10-2018
1,Stipiturus mallee,Hattah-Kulkyne National Park--Nowingi Track,-34.6911519,142.2727855,21-10-2017
1,Stipiturus mallee,Hattah-Kulkyne National Park,-34.7526497,142.3431587,12-10-2017
1,Stipiturus mallee,Hattah-Kulkyne National Park,-34.7526497,142.3431587,30-10-2017
,Columba (Columba) livia,"AU-SA-Mallee Highway - -35.2401x140.9649 - Oct 10, 2016, 2:38 PM",-35.240092,140.964892,10-10-2016
1,Stipiturus mallee,Hattah-Kulkyne National Park,-34.7526497,142.3431587,22-10-2015
1,Stipiturus mallee,Hattah-Kulkyne National Park--Nowingi Track,-34.6911519,142.2727855,25-10-2016
1,Stipiturus mallee,Hattah-Kulkyne National Park--Nowingi Track,-34.6911519,142.2727855,05-10-2016
1,Stipiturus mallee,Australia: Hattah-Kulkyne National Park--Nowingi Track,-34.5940375,142.1953118,28-10-2017
,Grallina cyanoleuca,"AU-SA-Mallee Highway - -35.2401x140.9649 - Oct 10, 2016, 2:38 PM",-35.240092,140.964892,10-10-2016
1,Stipiturus mallee,Murray-Sunset National Park--Pink Lakes,-35.048057,141.7216587,03-10-2017
1,Stipiturus mallee,Hattah-Kulkyne National Park,-34.7526497,142.3431587,12-10-2017
1,Stipiturus mallee,Hattah-Kulkyne National Park--Southern Truck Stop,-34.82877,142.2942,22-10-2015
1,Stipiturus mallee,Murray-Sunset National Park--Honeymoon Hut Track,-34.9157778,141.9897079,15-10-2016
,Columba (Columba) livia,"AU-SA-Mallee Highway - -35.2401x140.9649 - Oct 10, 2016, 2:38 PM",-35.240092,140.964892,10-10-2016
1,Stipiturus mallee,Hattah-Kulkyne National Park--Nowingi Track,-34.6911519,142.2727855,19-10-2017
1,Stipiturus mallee,Hattah-Kulkyne National Park--Lake Mournpall,-34.7066741,142.3477407,06-10-2016
,Eolophus roseicapilla,"AU-SA-Mallee Highway - -35.2401x140.9649 - Oct 10, 2016, 2:38 PM",-35.240092,140.964892,10-10-2016
1,Stipiturus mallee,Hattah-Kulkyne National Park,-34.7526497,142.3431587,22-10-2015
,Rhipidura (Sauloprocta) leucophrys,"AU-SA-Mallee Highway - -35.2401x140.9649 - Oct 10, 2016, 2:38 PM",-35.240092,140.964892,10-10-2016
1,Stipiturus mallee,Murray-Sunset National Park--Millewa South Bore,-34.7839195,141.0678005,08-10-2017
1,Stipiturus mallee,"(-34.7137,142.2837)",-34.713665,142.283672,19-10-2017
1,Stipiturus mallee,Hattah-Kulkyne National Park--Nowingi Track,-34.6911519,142.2727855,21-10-2018
,Anthochaera carunculata,"AU-SA-Mallee Highway - -35.2401x140.9649 - Oct 10, 2016, 2:38 PM",-35.240092,140.964892,10-10-2016
,Falco (Tinnunculus) cenchroides,"AU-SA-Mallee Highway - -35.2401x140.9649 - Oct 10, 2016, 2:38 PM",-35.240092,140.964892,10-10-2016
,Passer (Passer) domesticus,"AU-SA-Mallee Highway - -35.2401x140.9649 - Oct 10, 2016, 2:38 PM",-35.240092,140.964892,10-10-2016
,Ocyphaps lophotes,"AU-SA-Mallee Highway - -35.2401x140.9649 - Oct 10, 2016, 2:38 PM",-35.240092,140.964892,10-10-2016
1,Stipiturus mallee,Hattah-Kulkyne National Park,-34.7526497,142.3431587,06-10-2016
1,Stipiturus mallee,Murray-Sunset National Park,-34.8014,141.57531,23-10-2015
1,Stipiturus mallee,Hattah-Kulkyne National Park,-34.7526497,142.3431587,06-10-2016
1,Stipiturus mallee,Hattah-Kulkyne National Park,-34.7555268,142.338438,15-10-2018
1,Stipiturus mallee,Hattah-Kulkyne National Park--Nowingi Track,-34.6911519,142.2727855,21-10-2018
1,Stipiturus mallee,Hattah-Kulkyne National Park,-34.7526497,142.3431587,21-10-2016
1,Stipiturus mallee,Hattah-Kulkyne National Park--Nowingi Track/Old Calder Hwy junction,-34.6942,142.27071,19-10-2017
1,Stipiturus mallee,Hattah-Kulkyne National Park,-34.7555268,142.338438,29-10-2018
1,Stipiturus mallee,Hattah-Kulkyne National Park--Hattah Nature Walk,-34.7603096,142.3223448,25-10-2015
1,Stipiturus mallee,"Nowingi Track, Hattah, Victoria, AU (-34,686, 142,271)",-34.6862154,142.271086,23-10-2017
1,Stipiturus mallee,Murray-Sunset National Park--Millewa South Bore,-34.7839195,141.0678005,28-10-2017
1,Stipiturus mallee,Hattah-Kulkyne National Park,-34.7526497,142.3431587,22-10-2015
1,Stipiturus mallee,Hattah-Kulkyne National Park,-34.7526497,142.3431587,01-10-2016
1,Stipiturus mallee,Murray-Sunset National Park--Pink Lakes,-35.048057,141.7216587,25-10-2015
1,Stipiturus mallee,Hattah-Kulkyne National Park,-34.7555268,142.338438,15-10-2018
1,Stipiturus mallee,Hattah-Kulkyne National Park--Southern Truck Stop,-34.82877,142.2942,22-10-2015
,Anthochaera carunculata,"AU-SA-Mallee Highway - -35.2401x140.9649 - Oct 10, 2016, 2:38 PM",-35.240092,140.964892,10-10-2016
1,Stipiturus mallee,Hattah-Kulkyne National Park,-34.7526497,142.3431587,28-10-2016
1,Stipiturus mallee,Murray-Sunset National Park,-34.8014,141.57531,23-10-2015
1,Stipiturus mallee,AU-Victoria-Hattah-Nowingi Track - -34.645x142.272,-34.6453322,142.272068,27-10-2017
,Ocyphaps lophotes,"AU-SA-Mallee Highway - -35.2401x140.9649 - Oct 10, 2016, 2:38 PM",-35.240092,140.964892,10-10-2016
,Passer (Passer) domesticus,"AU-SA-Mallee Highway - -35.2401x140.9649 - Oct 10, 2016, 2:38 PM",-35.240092,140.964892,10-10-2016
1,Stipiturus mallee,"(-34.7137,142.2837)",-34.713665,142.283672,19-10-2017
1,Stipiturus mallee,Hattah-Kulkyne National Park,-34.7526497,142.3431587,22-10-2015
1,Stipiturus mallee,Hattah-Kulkyne National Park--Hattah Nature Walk,-34.7603096,142.3223448,25-10-2015
1,Stipiturus mallee,Hattah-Kulkyne National Park,-34.7526497,142.3431587,16-10-2017
1,Stipiturus mallee,Hattah-Kulkyne National Park--Hattah Nature Walk,-34.7603096,142.3223448,31-10-2015
1,Stipiturus mallee,Murray-Sunset National Park,-34.8014,141.57531,14-10-2017
1,Stipiturus mallee,Hattah-Kulkyne National Park--Konardin Track,-34.68529,142.30131,25-10-2015
,Falco (Tinnunculus) cenchroides,"AU-SA-Mallee Highway - -35.2401x140.9649 - Oct 10, 2016, 2:38 PM",-35.240092,140.964892,10-10-2016
1,Stipiturus mallee,Hattah-Kulkyne National Park--Konardin Track,-34.68529,142.30131,30-10-2017
1,Stipiturus mallee,Hattah-Kulkyne National Park,-34.7555268,142.338438,15-10-2018
1,Stipiturus mallee,Hattah-Kulkyne National Park--Nowingi Track,-34.6911519,142.2727855,11-10-2016
1,Stipiturus mallee,Hattah-Kulkyne National Park--Nowingi Track,-34.6911519,142.2727855,22-10-2017
,Rhipidura (Sauloprocta) leucophrys,"AU-SA-Mallee Highway - -35.2401x140.9649 - Oct 10, 2016, 2:38 PM",-35.240092,140.964892,10-10-2016
1,Stipiturus mallee,Hattah-Kulkyne National Park--Konardin Track,-34.68529,142.30131,25-10-2015
1,Stipiturus mallee,Hattah-Kulkyne National Park--Nowingi Track,-34.6911519,142.2727855,21-10-2017
,Eolophus roseicapilla,"AU-SA-Mallee Highway - -35.2401x140.9649 - Oct 10, 2016, 2:38 PM",-35.240092,140.964892,10-10-2016
1,Stipiturus mallee,Hattah-Kulkyne National Park--Warepil Walk,-34.71889,142.30944,21-10-2017
1,Stipiturus mallee,Hattah-Kulkyne National Park,-34.7555268,142.338438,16-10-2018
1,Stipiturus mallee,Hattah-Kulkyne National Park--Nowingi Track,-34.6911519,142.2727855,26-10-2015
1,Stipiturus mallee,Murray-Sunset National Park,-34.8014,141.57531,23-10-2015
1,Stipiturus mallee,Hattah-Kulkyne National Park--Nowingi Track,-34.6911519,142.2727855,07-10-2016
1,Stipiturus mallee,Murray-Sunset National Park,-34.8014,141.57531,14-10-2017
1,Stipiturus mallee,Hattah-Kulkyne National Park--Konardin Track at 34 41 01S 142 16 33E,-34.68356,142.27589,03-10-2017
1,Stipiturus mallee,Hattah-Kulkyne National Park,-34.7526497,142.3431587,29-10-2016
1,Stipiturus mallee,Murray-Sunset National Park--Pink Lakes,-35.048057,141.7216587,03-10-2017
1,Stipiturus mallee,Hattah-Kulkyne National Park,-34.7526497,142.3431587,01-10-2017
1,Stipiturus mallee,Hattah-Kulkyne National Park,-34.7526497,142.3431587,28-10-2017
1,Stipiturus mallee,Hattah-Kulkyne National Park,-34.7526497,142.3431587,30-11-2016
1,Stipiturus mallee,Hattah-Kulkyne National Park,-34.7526497,142.3431587,19-11-2017
1,Stipiturus mallee,Pink Lakes NP  and  Murray-Sunset NP - 24 Nov 2015 7:45 am,-35.03609,141.745429,24-11-2015
1,Stipiturus mallee,Hattah-Kulkyne National Park--Old Calder Hwy,-34.6875,142.26333,05-11-2018
3,Ctenophorus fordi,Cov4,-35.864,141.661,09-11-2015
,Aprasia inaurita,Cov13,-35.8603,141.7268,12-11-2015
3,Ctenophorus fordi,Cov6,-35.8557,141.6506,08-11-2015
1,Stipiturus mallee,Hattah-Kulkyne National Park,-34.7526497,142.3431587,14-11-2015
,Aprasia inaurita,Cov7,-35.8447,141.6361,09-11-2015
1,Stipiturus mallee,Hattah-Kulkyne National Park Nowingi Track 2,-34.674142,142.271075,04-11-2018
1,Stipiturus mallee,Hattah-Kulkyne National Park,-34.7526497,142.3431587,30-11-2016
1,Stipiturus mallee,Hattah-Kulkyne National Park--Konardin Track,-34.68529,142.30131,14-11-2018
1,Stipiturus mallee,Hattah-Kulkyne National Park--Nowingi Track,-34.6911519,142.2727855,30-11-2018
,Aprasia inaurita,Cov5,-35.8597,141.6565,12-11-2015
3,Ctenophorus fordi,Cov8,-35.8723,141.6758,11-11-2015
,Aprasia inaurita,Cov5,-35.8597,141.6565,10-11-2015
1,Stipiturus mallee,Hattah-Kulkyne National Park,-34.7526497,142.3431587,09-11-2016
,Aprasia inaurita,Cov7,-35.8447,141.6361,12-11-2015
1,Stipiturus mallee,Hattah-Kulkyne National Park--Konardin Track,-34.68529,142.30131,14-11-2018
1,Stipiturus mallee,Hattah-Kulkyne National Park,-34.7526497,142.3431587,17-11-2017
,Aprasia inaurita,Cov1,-35.8777,141.6652,10-11-2015
3,Ctenophorus fordi,Cov8,-35.8723,141.6758,09-11-2015
1,Stipiturus mallee,Hattah-Kulkyne National Park--Nowingi Track/Old Calder Hwy junction,-34.6942,142.27071,25-11-2016
1,Stipiturus mallee,Hattah-Kulkyne National Park,-34.7526497,142.3431587,19-11-2017
1,Stipiturus mallee,Hattah-Kulkyne National Parkƒ??Nowingi Track 1,-34.606803,142.27399,04-11-2018
1,Stipiturus mallee,Hattah-Kulkyne National Park--Nowingi Track/Old Calder Hwy junction,-34.6942,142.27071,25-11-2016
1,Stipiturus mallee,Hattah-Kulkyne National Park--Old Calder Hwy,-34.6875,142.26333,05-11-2018
1,Stipiturus mallee,Murray-Sunset National Park,-34.8014,141.57531,08-11-2018
1,Stipiturus mallee,Hattah-Kulkyne National Park--Nowingi Track,-34.6911519,142.2727855,15-11-2018
1,Stipiturus mallee,Hattah-Kulkyne National Park--Hattah Nature Walk,-34.76031,142.32234,30-11-2015
,Aprasia inaurita,Cov9,-35.8699,141.6845,11-11-2015
1,Stipiturus mallee,Hattah-Kulkyne National Park--Nowingi Track,-34.6911519,142.2727855,01-11-2017
1,Stipiturus mallee,Hattah-Kulkyne National Park,-34.7526497,142.3431587,30-11-2016
3,Ctenophorus fordi,Cov8,-35.8723,141.6758,11-11-2015
,Aprasia inaurita,Cov2,-35.8779,141.6658,12-11-2015
3,Ctenophorus fordi,Cov12,-35.8626,141.7198,10-11-2015
3,Ctenophorus fordi,Cov11,-35.8609,141.7008,07-11-2015
3,Ctenophorus fordi,Cov12,-35.8626,141.7198,09-11-2015
1,Stipiturus mallee,Hattah-Kulkyne National Park--Nowingi Track,-34.6911519,142.2727855,30-11-2018
1,Stipiturus mallee,AU-VIC-Hattah-Kulkyne NP,-34.756007,142.303819,23-11-2015
,Aprasia inaurita,Cov5,-35.8597,141.6565,10-11-2015
3,Ctenophorus fordi,Cov10,-35.8681,141.6875,11-11-2015
3,Ctenophorus fordi,Cov11,-35.8609,141.7008,10-11-2015
1,Stipiturus mallee,Hattah-Kulkyne National Park,-34.7526497,142.3431587,17-11-2017
1,Stipiturus mallee,Hattah-Kulkyne National Park,-34.7526497,142.3431587,13-11-2015
1,Stipiturus mallee,Hattah-Kulkyne National Parkƒ??Nowingi / Konardin Track,-34.683611,142.271104,08-11-2018
1,Stipiturus mallee,Hattah-Kulkyne National Park,-34.7526497,142.3431587,23-11-2015
1,Stipiturus mallee,Hattah-Kulkyne National Park--Hattah Nature Walk,-34.7603096,142.3223448,01-11-2015
3,Ctenophorus fordi,Cov12,-35.8626,141.7198,10-11-2015
1,Stipiturus mallee,Murray-Sunset [intersection of South Bore track and Pheeneys tra,-34.7042233,141.0620499,05-11-2017
1,Stipiturus mallee,Hattah-Kulkyne National Park--Nowingi Track,-34.6911519,142.2727855,04-11-2018
1,Stipiturus mallee,Hattah-Kulkyne National Park--Nowingi Track/Old Calder Hwy junction,-34.6942,142.27071,13-11-2016
1,Stipiturus mallee,Hattah-Kulkyne National Park--Nowingi Track/Old Calder Hwy junction,-34.6942,142.27071,13-11-2016
1,Stipiturus mallee,Hattah-Kulkyne National Park,-34.7526497,142.3431587,29-11-2016
3,Ctenophorus fordi,Cov10,-35.8681,141.6875,10-11-2015
1,Stipiturus mallee,Hattah-Kulkyne National Park--Nowingi Track/Old Calder Hwy junction,-34.6942,142.27071,25-11-2016
1,Stipiturus mallee,Hattah-Kulkyne National Park--Nowingi Track/Old Calder Hwy junction,-34.6942,142.27071,30-11-2015
3,Ctenophorus fordi,Cov10,-35.8681,141.6875,09-11-2015
,Aprasia inaurita,Cov3,-35.8698,141.6646,12-11-2015
3,Ctenophorus fordi,Cov11,-35.8609,141.7008,10-11-2015
1,Stipiturus mallee,Hattah-Kulkyne National Park,-34.7526497,142.3431587,14-11-2015
1,Stipiturus mallee,Hattah-Kulkyne National Park,-34.7526497,142.3431587,13-11-2015
1,Stipiturus mallee,Murray-Sunset National Park--Pink Lakes,-35.048057,141.7216587,15-11-2018
,Aprasia inaurita,Cov11,-35.8609,141.7008,12-11-2015
1,Stipiturus mallee,Hattah-Kulkyne National Parkƒ??Nowingi / Konardin Track,-34.683611,142.271104,04-11-2018
,Aprasia inaurita,Cov12,-35.8626,141.7198,10-11-2015
3,Ctenophorus fordi,Cov11,-35.8609,141.7008,10-11-2015
1,Stipiturus mallee,Hattah-Kulkyne National Park--Western Mallee,-34.71057,142.30007,30-11-2016
3,Ctenophorus fordi,Cov11,-35.8609,141.7008,09-11-2015
3,Ctenophorus fordi,Cov6,-35.8557,141.6506,07-11-2015
1,Stipiturus mallee,Hattah-Kulkyne National Park--Old Calder Hwy,-34.6875,142.26333,05-11-2018
,Aprasia inaurita,Cov11,-35.8609,141.7008,11-11-2015
1,Stipiturus mallee,Hattah-Kulkyne National Park,-34.7526497,142.3431587,21-11-2015
,Aprasia inaurita,Cov12,-35.8626,141.7198,10-11-2015
1,Stipiturus mallee,Hattah-Kulkyne National Parkƒ??Nowingi / Konardin Track,-34.683611,142.271104,08-11-2018
3,Ctenophorus fordi,Cov8,-35.8723,141.6758,09-11-2015
1,Stipiturus mallee,"AU-VIC-Hattah-Kulkyne National Park (-34.6839,142.2710)",-34.683884,142.271044,13-12-2018
1,Stipiturus mallee,Hattah-Kulkyne National Park--Hattah Nature Walk,-34.7603096,142.3223448,01-12-2015
1,Stipiturus mallee,Hattah-Kulkyne National Park--Nowingi Track,-34.6911519,142.2727855,12-12-2018
1,Stipiturus mallee,Hattah-Kulkyne National Park,-34.7555268,142.338438,15-12-2018
1,Stipiturus mallee,Hattah-Kulkyne National Park--Nowingi Track,-34.6911519,142.2727855,12-12-2018
1,Stipiturus mallee,Hattah-Kulkyne National Park,-34.7555268,142.338438,15-12-2018
1,Stipiturus mallee,Hattah-Kulkyne National Park--Konardin Track at 34 41 01S 142 16 33E,-34.68356,142.27589,30-12-2018
1,Stipiturus mallee,Hattah-Kulkyne National Park--Nowingi Track,-34.6911519,142.2727855,04-12-2017
1,Stipiturus mallee,Hattah-Kulkyne National Park--Nowingi Track,-34.6911519,142.2727855,18-12-2016
1,Stipiturus mallee,Hattah-Kulkyne National Park,-34.7555268,142.338438,05-12-2018
1,Stipiturus mallee,Hattah-Kulkyne National Park--Nowingi Track/Old Calder Hwy junction,-34.6942,142.27071,01-12-2016
1,Stipiturus mallee,Hattah-Kulkyne National Park--Nowingi Track,-34.6911519,142.2727855,04-12-2017
1,Stipiturus mallee,"AU-VIC-Hattah-Kulkyne National Park (-34.6839,142.2710)",-34.683884,142.271044,13-12-2018
1,Stipiturus mallee,Hattah-Kulkyne National Park--Nowingi Track,-34.6911519,142.2727855,07-12-2016
1,Stipiturus mallee,Hattah-Kulkyne National Park--Konardin Track at 34 41 01S 142 16 33E,-34.68356,142.27589,30-12-2018
1,Stipiturus mallee,Hattah-Kulkyne National Park--Nowingi Track,-34.6911519,142.2727855,20-12-2018
1,Stipiturus mallee,Hattah-Kulkyne National Park--Nowingi Track,-34.6911519,142.2727855,12-12-2018
,Crinia sloanei,"Federation Way, Springhurst, Wangaratta, Rural City of Wangaratta, Hume, Victoria, Australia",-36.24453354,146.3744354,18-06-2015
,Perca fluviatilis,Yarra River-2_29-,-37.6783,145.4894,28-01-2015
,Perca fluviatilis,Yarra River-2_29-,-37.6783,145.4894,28-01-2015
,Perca fluviatilis,Yarra River-2_29-,-37.6783,145.4894,28-01-2015
,Perca fluviatilis,Jamieson River-4_5-,-37.3039,146.1347,09-02-2015
,Perca fluviatilis,Jamieson River-4_5-,-37.3039,146.1347,09-02-2015
,Perca fluviatilis,Jamieson River-4_5-,-37.3039,146.1347,09-02-2015
,Perca fluviatilis,Howqua River-4_5-,-37.2369,146.2284,09-02-2015
,Perca fluviatilis,Howqua River-4_5-,-37.2369,146.2284,09-02-2015
,Perca fluviatilis,Goulburn River-4_5-,-37.4076,146.2449,10-02-2015
,Perca fluviatilis,Jamieson River-4_5-,-37.3039,146.1347,09-02-2015
,Perca fluviatilis,Jamieson River-4_5-,-37.3039,146.1347,09-02-2015
,Perca fluviatilis,Goulburn River-4_5-,-37.4076,146.2449,10-02-2015
,Perca fluviatilis,Jamieson River-4_5-,-37.3039,146.1347,09-02-2015
,Perca fluviatilis,Goulburn River-4_5-,-37.4076,146.2449,10-02-2015
,Perca fluviatilis,Jamieson River-4_5-,-37.3039,146.1347,09-02-2015
,Perca fluviatilis,Goulburn River-4_5-,-37.4076,146.2449,10-02-2015
,Perca fluviatilis,Jamieson River-4_5-,-37.3039,146.1347,09-02-2015
,Perca fluviatilis,Goulburn River-4_5-,-37.4076,146.2449,10-02-2015
,Perca fluviatilis,Jamieson River-4_5-,-37.3039,146.1347,09-02-2015
,Perca fluviatilis,Jamieson River-4_5-,-37.3039,146.1347,09-02-2015
,Perca fluviatilis,Howqua River-4_5-,-37.2369,146.2284,09-02-2015
,Perca fluviatilis,Goulburn River-4_5-,-37.4076,146.2449,10-02-2015
,Perca fluviatilis,Howqua River-4_5-,-37.2369,146.2284,09-02-2015
,Perca fluviatilis,Jamieson River-4_5-,-37.3039,146.1347,09-02-2015
,Perca fluviatilis,Goulburn River-4_5-,-37.4076,146.2449,10-02-2015
,Perca fluviatilis,Goulburn River-4_5-,-37.4076,146.2449,10-02-2015
,Perca fluviatilis,Jamieson River-4_5-,-37.3039,146.1347,09-02-2015
,Perca fluviatilis,Goulburn River-4_5-,-37.4076,146.2449,10-02-2015
,Perca fluviatilis,Goulburn River-4_5-,-37.4076,146.2449,10-02-2015
,Perca fluviatilis,Howqua River-4_5-,-37.2369,146.2284,09-02-2015
,Perca fluviatilis,Jamieson River-4_5-,-37.3039,146.1347,09-02-2015
,Perca fluviatilis,Jamieson River-4_5-,-37.3039,146.1347,09-02-2015
,Perca fluviatilis,King River-4_3-,-36.909,146.395,11-02-2015
,Perca fluviatilis,Howqua River-4_5-,-37.2369,146.2284,09-02-2015
,Perca fluviatilis,Jamieson River-4_5-,-37.3039,146.1347,09-02-2015
,Perca fluviatilis,Jamieson River-4_5-,-37.3039,146.1347,09-02-2015
,Perca fluviatilis,Howqua River-4_5-,-37.2369,146.2284,09-02-2015
,Perca fluviatilis,Goulburn River-4_5-,-37.4076,146.2449,10-02-2015
,Perca fluviatilis,Howqua River-4_5-,-37.2369,146.2284,09-02-2015
,Perca fluviatilis,Goulburn River-4_5-,-37.4076,146.2449,10-02-2015
,Perca fluviatilis,Howqua River-4_5-,-37.2369,146.2284,09-02-2015
,Perca fluviatilis,Jamieson River-4_5-,-37.3039,146.1347,09-02-2015
,Perca fluviatilis,Howqua River-4_5-,-37.2369,146.2284,09-02-2015
,Perca fluviatilis,Jamieson River-4_5-,-37.3039,146.1347,09-02-2015
,Perca fluviatilis,Howqua River-4_5-,-37.2369,146.2284,09-02-2015
,Perca fluviatilis,Upper Murray,-36.0605875,147.37918,12-03-2015
,Perca fluviatilis,Brushy Creek-2_29-,-37.7188,145.2871,12-03-2015
,Perca fluviatilis,Taylors Creek-2_30-,-37.7288,144.8297,05-03-2015
,Perca fluviatilis,Yarra River-2_29-VRYR 2,-37.6799,145.3528,11-03-2015
,Perca fluviatilis,Yarra River-2_29-YGYR,-37.6918,145.3173,11-03-2015
,Perca fluviatilis,Howqua River-4_5-,-37.1961,146.3293,13-03-2015
,Perca fluviatilis,Stringybark Creek-2_29-,-37.693,145.382,02-03-2015
,Perca fluviatilis,Yarra River-2_29-JCYR,-37.7193,145.2355,12-03-2015
,Perca fluviatilis,Stringybark Creek-2_29-,-37.693,145.382,02-03-2015
,Perca fluviatilis,Stringybark Creek-2_29-,-37.7216,145.4275,02-03-2015
,Perca fluviatilis,Stringybark Creek-2_29-,-37.693,145.382,02-03-2015
,Perca fluviatilis,Howqua River-4_5-,-37.1961,146.3293,13-03-2015
,Perca fluviatilis,Upper Murray,-36.0605875,147.37918,12-03-2015
,Perca fluviatilis,Maribyrnong River-2_30-,-37.7291,144.8302,05-03-2015
,Perca fluviatilis,Stringybark Creek-2_29-,-37.693,145.382,02-03-2015
,Perca fluviatilis,Stringybark Creek-2_29-,-37.693,145.382,02-03-2015
,Perca fluviatilis,Diamond Creek-2_29-,-37.689,145.155,06-03-2015
,Perca fluviatilis,Howqua River-4_5-,-37.1961,146.3293,13-03-2015
,Perca fluviatilis,Stringybark Creek-2_29-,-37.7216,145.4275,02-03-2015
,Perca fluviatilis,Howqua River-4_5-,-37.1961,146.3293,13-03-2015
,Perca fluviatilis,Yarra River-2_29-WPYR 2,-37.7028,145.2881,12-03-2015
,Perca fluviatilis,Stringybark Creek-2_29-,-37.7216,145.4275,02-03-2015
,Perca fluviatilis,Kiewa,-36.25891991,146.92259,27-03-2015
,Perca fluviatilis,Yarra River-2_29-YGYR,-37.6918,145.3173,11-03-2015
,Perca fluviatilis,Brushy Creek-2_29-,-37.73,145.29,03-03-2015
,Perca fluviatilis,Howqua River-4_5-,-37.1961,146.3293,13-03-2015
,Perca fluviatilis,Howqua River-4_5-,-37.1961,146.3293,13-03-2015
,Perca fluviatilis,Upper Murray,-36.0605875,147.37918,12-03-2015
,Perca fluviatilis,Howqua River-4_5-,-37.1961,146.3293,13-03-2015
,Perca fluviatilis,Maribyrnong River-2_30-,-37.7291,144.8302,05-03-2015
,Perca fluviatilis,Stringybark Creek-2_29-,-37.7216,145.4275,02-03-2015
,Perca fluviatilis,Kiewa River-4_2-,-36.7245,147.1765,25-03-2015
,Perca fluviatilis,Yarra River-2_29-VRYR 1,-37.6794,145.3484,11-03-2015
,Perca fluviatilis,Yarra River-2_29-WPYR 1,-37.7088,145.2926,12-03-2015
,Perca fluviatilis,Yarra River-2_29-WPYR 2,-37.7028,145.2881,12-03-2015
,Perca fluviatilis,Yarra River-2_29-WPYR 1,-37.7088,145.2926,12-03-2015
,Perca fluviatilis,Taylors Creek-2_30-,-37.7288,144.8297,05-03-2015
,Perca fluviatilis,Howqua River-4_5-,-37.1961,146.3293,13-03-2015
,Perca fluviatilis,Upper Murray,-36.0605875,147.37918,12-03-2015
,Perca fluviatilis,Upper Murray,-36.0605875,147.37918,12-03-2015
,Perca fluviatilis,Upper Murray,-36.0605875,147.37918,12-03-2015
,Perca fluviatilis,Howqua River-4_5-,-37.2168,146.3149,12-03-2015
,Perca fluviatilis,Upper Murray,-36.0605875,147.37918,12-03-2015
,Perca fluviatilis,Howqua River-4_5-,-37.2168,146.3149,12-03-2015
,Perca fluviatilis,Yarra River-2_29-VRYR 2,-37.6799,145.3528,11-03-2015
,Perca fluviatilis,Kurkuruc Creek-4_5-TR-15-155,-37.208,144.918,07-05-2015
,Melanotaenia fluviatilis,"Little Murray River, 1500m upstream of Lette Lane,northeast of Lake Boga",-35.4054,143.684,08-05-2017
,Perca fluviatilis,Kurkuruc Creek-4_5-TR-15-155,-37.208,144.918,07-05-2015
,Craterocephalus fluviatilis,"salt drain beside Lake William, nearTutchewop, near Kerang",-35.5327,143.783,13-10-2016
,Craterocephalus fluviatilis,"salt drain beside Lake William, nearTutchewop, near Kerang",-35.5327,143.783,13-10-2016
,Acanthiza (Acanthiza) pusilla,Queenscliff Narrows,-38.2711387,144.6411896,07-01-2019
,Acanthiza (Acanthiza) pusilla,Huntingdale Wetlands,-37.89307,145.10862,08-01-2019
,Acanthiza (Acanthiza) pusilla,Balnarring Village,-38.36978,145.11906,23-01-2019
,Acanthiza (Acanthiza) pusilla,Cape Conran Coastal Park,-37.80273,148.72947,31-01-2017
,Acanthiza (Acanthiza) pusilla,Ironbark Basin,-38.37988,144.25203,29-01-2016
,Acanthiza (Acanthiza) pusilla,Swift Site - Bunyip State Park - Helipad,-37.95028,145.66139,03-01-2018
,Acanthiza (Acanthiza) pusilla,Mossiface Bush Reserve,-37.7470103,147.8189205,09-01-2017
,Acanthiza (Acanthiza) pusilla,Mt St Leonard,-37.5609,145.52902,02-01-2017
,Acanthiza (Acanthiza) pusilla,Melbourne Water Retarding Basin Mount Waverley,-37.88427,145.14226,08-01-2019
,Acanthiza (Acanthiza) pusilla,AU-VIC-Buninyong-95 Fasham St,-37.672304,143.887943,23-01-2019
,Acanthiza (Acanthiza) pusilla,Huntingdale Wetlands,-37.89307,145.10862,30-01-2018
,Parvipsitta pusilla,Serendip Sanctuary,-38.0052428,144.4125366,06-01-2016
,Acanthiza (Acanthiza) pusilla,Bastion Point (Mallacoota),-37.57124,149.76356,06-01-2019
,Acanthiza (Acanthiza) pusilla,Inverleigh Flora and Fauna Reserve,-38.06647,144.03762,10-01-2019
,Acanthiza (Acanthiza) pusilla,Hochkins Ridge Flora Reserve,-37.76555,145.2832,31-01-2019
,Porzana (Porzana) pusilla,Hird Swamp,-35.85736,144.09787,09-01-2018
,Acanthiza (Acanthiza) pusilla,Yarra Valley Parklands,-37.75042,145.10702,23-01-2018
,Acanthiza (Acanthiza) pusilla,"Plozzas Rd Extension at -36.75306, 142.17369",-36.75306,142.17369,09-01-2016
,Acanthiza (Acanthiza) pusilla,Braeside Park Area C,-38.0075,145.1267,18-01-2015
,Parvipsitta pusilla,Jells Park,-37.8981684,145.1998361,11-01-2018
,Acanthiza (Acanthiza) pusilla,Moorabbin,-37.9352407,145.0412941,10-01-2015
,Acanthiza (Acanthiza) pusilla,"AU-VIC-Great Otway National Park - -38.7768x143.6138 - Jan 28, 2017, 6:02 PM",-38.776802,143.613847,28-01-2017
,Acanthiza (Acanthiza) pusilla,Whipstick walk garden of st erth,-37.40198,144.2631,14-01-2018
,Acanthiza (Acanthiza) pusilla,Jancourt Nature Conservation Reserve,-38.41558,143.21334,28-01-2019
,Acanthiza (Acanthiza) pusilla,MWrbm Tootgarook Swamp - B Gahnia swamp,-38.38417,144.87139,29-01-2019
,Acanthiza (Acanthiza) pusilla,"Heritage Wetlands, Wonga Park",-37.71502,145.29852,13-01-2018
,Acanthiza (Acanthiza) pusilla,AU-Victoria-Kalorama-12 Barbers Rd - -37.82x145.367,-37.81974,145.3671408,10-01-2016
,Acanthiza (Acanthiza) pusilla,Royal Botanic Gardens (Melbourne),-37.8297966,144.9805232,07-01-2019
,Acanthiza (Acanthiza) pusilla,Karkarook Park,-37.9423192,145.0810933,30-01-2019
,Acanthiza (Acanthiza) pusilla,Mount Waverley - Golf Ave,-37.86987,145.12197,31-01-2016
,Acanthiza (Acanthiza) pusilla,Dights Falls to Studley Park,-37.79635,145.00095,15-01-2019
,Acanthiza (Acanthiza) pusilla,BOF-T14,-36.99475,145.71909,28-01-2019
,Acanthiza (Acanthiza) pusilla,Lower Sweetwater Creek Nature Reserve,-38.16004,145.11097,04-01-2019
,Acanthiza (Acanthiza) pusilla,Huntingdale Wetlands,-37.89307,145.10862,18-01-2018
,Acanthiza (Acanthiza) pusilla,Ralph Illidge Sanctuary,-38.3922,142.8351,14-01-2018
,Acanthiza (Acanthiza) pusilla,Ironbark Basin,-38.37988,144.25203,02-01-2018
,Acanthiza (Acanthiza) pusilla,Tarra Valley Park,-38.44389,146.5403,26-01-2015
,Acanthiza (Acanthiza) pusilla,Bunyip State Park--Nichols Hut Track,-37.97719,145.62112,26-01-2017
,Acanthiza (Acanthiza) pusilla,Brisbane Ranges National Park,-37.850066,144.1825962,26-01-2018
,Acanthiza (Acanthiza) pusilla,Lake Struan,-38.01646,143.41746,22-01-2018
,Acanthiza (Acanthiza) pusilla,Swan Lake (Phillip Island),-38.50468,145.15956,24-01-2018
,Acanthiza (Acanthiza) pusilla,Royal Botanic Gardens (Melbourne),-37.8297966,144.9805232,29-01-2018
,Acanthiza (Acanthiza) pusilla,Clayton - Monash University,-37.9103087,145.1367579,18-01-2019
,Acanthiza (Acanthiza) pusilla,Clayton - Monash University,-37.9103087,145.1367579,20-01-2019
,Acanthiza (Acanthiza) pusilla,Hendy Main Road,-38.28111,144.1961,23-01-2015
,Acanthiza (Acanthiza) pusilla,Mount Waverley - Riversdale Golf Club,-37.87006,145.11794,09-01-2018
,Acanthiza (Acanthiza) pusilla,Mortlake,-38.0842134,142.8093531,01-01-2017
,Acanthiza (Acanthiza) pusilla,Braeside Park,-37.9973125,145.1302528,22-01-2015
,Acanthiza (Acanthiza) pusilla,"Wensleydale, Wormbete Station Rd",-38.3206534,144.0719926,31-01-2015
,Acanthiza (Acanthiza) pusilla,Lake Connewarre--Tait Point,-38.2370341,144.4293022,02-01-2018
,Porzana (Porzana) pusilla,Dandenong Valley Wetland,-37.9144228,145.211792,24-01-2015
,Acanthiza (Acanthiza) pusilla,Caulfield South,-37.8936518,145.0288653,27-01-2017
,Acanthiza (Acanthiza) pusilla,"Kingston Rd, Heatherton 1' Cell",-37.95698,145.10836,08-01-2015
,Acanthiza (Acanthiza) pusilla,Sherbrooke Falls Circuit,-37.8836746,145.3553081,22-01-2018
,Acanthiza (Acanthiza) pusilla,Mornington Peninsula National Park--Cape Schanck,-38.4932347,144.8882103,13-01-2019
,Acanthiza (Acanthiza) pusilla,Warrandyte State Park--Jumping Creek Reserve,-37.73634,145.24384,17-01-2018
,Acanthiza (Acanthiza) pusilla,Yarran Dheran Reserve,-37.80646,145.20466,14-01-2018
,Acanthiza (Acanthiza) pusilla,RBG Cyprus Hill,-37.89417,145.18917,04-01-2017
,Acanthiza (Acanthiza) pusilla,fairhavennew binns trk,-37.47778,149.77,27-01-2017
,Acanthiza (Acanthiza) pusilla,Cascades Park,-37.7169917,145.0604886,30-01-2016
,Acanthiza (Acanthiza) pusilla,Woods Reserve Tuerong,-38.28575,145.08012,12-01-2016
,Acanthiza (Acanthiza) pusilla,Kilberry Boulevard Wetland,-38.03667,145.28056,19-01-2017
,Acanthiza (Acanthiza) pusilla,Bentleigh East,-37.91711,145.05214,07-01-2015
,Acanthiza (Acanthiza) pusilla,Lower Glenelg National Park--Princess Margaret Rose Caves,-37.98865,140.9905,27-01-2017
,Acanthiza (Acanthiza) pusilla,You Yangs Regional Park--Visitor Entrance Area,-37.962544,144.410447,09-01-2018
,Acanthiza (Acanthiza) pusilla,Phillip Island,-38.47939,145.23651,14-01-2018
,Acanthiza (Acanthiza) pusilla,Lake Daylesford,-37.34764,144.1377,01-01-2017
,Acanthiza (Acanthiza) pusilla,Oakleigh South - Barkers St,-37.9384951,145.088958,10-01-2016
,Acanthiza (Acanthiza) pusilla,"Monash University - Clayton Campus, Clayton AU-VIC (-37.9111,145.1381)",-37.911137,145.138069,30-01-2018
,Acanthiza (Acanthiza) pusilla,"Crystal Break, Alexandra",-37.24836,145.62446,03-01-2016
,Acanthiza (Acanthiza) pusilla,Frenches Narrows,-37.79839,148.57343,30-01-2019
,Acanthiza (Acanthiza) pusilla,Burke Road South Reserve,-37.8494785,145.0504383,26-01-2015
,Acanthiza (Acanthiza) pusilla,"Oswin Roberts Reserve, Phillip Island",-38.47186,145.26706,18-01-2017
,Acanthiza (Acanthiza) pusilla,Huntingdale Wetlands,-37.89307,145.10862,26-01-2017
,Acanthiza (Acanthiza) pusilla,"Kalpara, Wartook",-37.02631,142.38979,07-01-2019
,Acanthiza (Acanthiza) pusilla,Clifton Springs Jetty,-38.15629,144.55055,25-01-2017
,Acanthiza (Acanthiza) pusilla,"140 Mann Rd Court,PakenhamUppe",-37.98833,145.5178,13-01-2016
,Acanthiza (Acanthiza) pusilla,AU-VIC-Buninyong-95 Fasham St,-37.672304,143.887943,31-01-2019
,Acanthiza (Acanthiza) pusilla,Yan Yean Reservoir,-37.5573839,145.137248,01-01-2018
,Acanthiza (Acanthiza) pusilla,Dandenong Valley Wetland,-37.9148358,145.2083266,16-01-2019
,Acanthiza (Acanthiza) pusilla,Mornington Peninsula National Park--Fingal Beach,-38.47111,144.88088,06-01-2019
,Parvipsitta pusilla,Royal Park --Trin Warren Tam-boore,-37.7828922,144.9441719,10-01-2019
,Acanthiza (Acanthiza) pusilla,AU-VIC-Cranbourne North,-38.081977,145.276678,21-01-2019
,Acanthiza (Acanthiza) pusilla,Wonthaggi Heathland and Coastal Reserve,-38.63752,145.56713,30-01-2019
,Acanthiza (Acanthiza) pusilla,Pt Leo,-38.4201,145.07514,10-01-2019
,Acanthiza (Acanthiza) pusilla,Little Bass Reservoir,-38.3597512,145.7885938,12-01-2019
,Acanthiza (Acanthiza) pusilla,"Kimberley Reserve, Chirnside Park",-37.7497,145.30976,18-01-2019
,Acanthiza (Acanthiza) pusilla,"AU-VIC-Toolangi State Forest (-37.5566,145.5281)",-37.556584,145.528088,07-01-2018
,Acanthiza (Acanthiza) pusilla,Bungalook Conservation Reserve,-37.82787,145.30804,08-01-2019
,Acanthiza (Acanthiza) pusilla,woorndoo olympic wetland,-37.89194,142.8081,14-01-2015
,Acanthiza (Acanthiza) pusilla,Braeside Park,-37.9973125,145.1302528,20-01-2015
,Acanthiza (Acanthiza) pusilla,Heart Morass State Game Reserve,-38.1238053,147.2179985,24-01-2018
,Acanthiza (Acanthiza) pusilla,You Yangs Regional Park,-37.9524007,144.4233942,10-01-2017
,Acanthiza (Acanthiza) pusilla,Butterfield1,-37.895,145.44,13-01-2017
,Acanthiza (Acanthiza) pusilla,Brisbane Ranges National Park,-37.850066,144.1825962,26-01-2018
,Acanthiza (Acanthiza) pusilla,Malvern East - Urban Forest,-37.88378,145.07244,08-01-2018
,Acanthiza (Acanthiza) pusilla,Huntingdale Wetlands,-37.89307,145.10862,12-01-2015
,Acanthiza (Acanthiza) pusilla,Morwell National Park,-38.3658026,146.3903536,04-01-2015
,Acanthiza (Acanthiza) pusilla,Tower Hill Wildlife Reserve,-38.31873,142.3623194,15-01-2015
,Acanthiza (Acanthiza) pusilla,Royal Botanic Gardens (Melbourne),-37.8297921,144.9805212,28-01-2017
,Porzana (Porzana) pusilla,Newell's Paddock Wetland Reserve,-37.79662,144.91189,25-01-2015
,Parvipsitta pusilla,Henderson Falls (Lorne),-38.548694,143.9336926,20-01-2019
,Acanthiza (Acanthiza) pusilla,"Seaford Swamp, Zone 3",-38.09194,145.145,31-01-2018
,Acanthiza (Acanthiza) pusilla,Burke Road South Reserve,-37.8494785,145.0504383,09-01-2016
,Acanthiza (Acanthiza) pusilla,Mount Arapiles-Tooan State Park--Mt. Arapiles camping area,-36.7557679,141.8457903,07-01-2018
,Acanthiza (Acanthiza) pusilla,"Starlight Reserve, Rowville",-37.9360955,145.2260184,12-01-2016
,Acanthiza (Acanthiza) pusilla,Monash University Clayton Campus,-37.91057,145.13439,26-01-2017
,Acanthiza (Acanthiza) pusilla,Karkarook Park,-37.9423192,145.0810933,28-01-2015
,Acanthiza (Acanthiza) pusilla,Woods Reserve Tuerong,-38.28575,145.08012,01-01-2018
,Acanthiza (Acanthiza) pusilla,Karkarook Park,-37.9423192,145.0810933,07-01-2016
,Acanthiza (Acanthiza) pusilla,Brisbane Ranges National Park--Stony Creek Picnic Ground,-37.85702,144.25115,08-01-2019
,Acanthiza (Acanthiza) pusilla,Bunyip S.P. Eastern Sector,-37.94889,145.8122,12-01-2015
,Acanthiza (Acanthiza) pusilla,Morwell National Park,-38.3658026,146.3903536,31-01-2015
,Acanthiza (Acanthiza) pusilla,Jancourt Nature Conservation Reserve,-38.41558,143.21334,28-01-2019
,Acanthiza (Acanthiza) pusilla,Punch Bowl Road San Remo,-38.5310376,145.4080707,17-01-2018
,Acanthiza (Acanthiza) pusilla,Western Treatment Plant (Werribee),-37.9979213,144.5917511,25-01-2016
,Acanthiza (Acanthiza) pusilla,"Ricketts Pt, Beaumaris",-37.99426,145.03154,16-01-2019
,Acanthiza (Acanthiza) pusilla,Little Desert Nature Lodge,-36.4543999,141.669125,01-01-2016
,Acanthiza (Acanthiza) pusilla,"Heritage Wetlands, Wonga Park",-37.71502,145.29852,20-01-2015
,Acanthiza (Acanthiza) pusilla,Wallington - 1589 Bellarine Highway,-38.22685,144.54552,30-01-2015
,Acanthiza (Acanthiza) pusilla,Stockyard Point,-38.3387951,145.5162764,26-01-2019
,Acanthiza (Acanthiza) pusilla,"5-9ƒ??17 Lavers Hill-Cobden Road, Lavers Hill AU-VIC (-38.6798,143.3912)",-38.679841,143.391168,12-01-2019
,Acanthiza (Acanthiza) pusilla,Western Treatment Plant (Werribee),-37.9979192,144.5917504,14-01-2019
,Acanthiza (Acanthiza) pusilla,Allens Creek Blackwood North,-37.4337041,144.3716812,13-01-2019
,Acanthiza (Acanthiza) pusilla,Shepherds Bush,-37.8801378,145.1923943,07-01-2016
,Acanthiza (Acanthiza) pusilla,"Stanley Ave Reserve, Mt Waverley",-37.89178,145.11626,02-01-2015
,Acanthiza (Acanthiza) pusilla,Bentleigh,-37.9186751,145.0357103,04-01-2016
,Parvipsitta pusilla,"Royal Park, Parkville",-37.7892413,144.9508023,07-01-2019
,Acanthiza (Acanthiza) pusilla,Camperdown Cemetery,-38.21833,143.11556,02-01-2019
,Acanthiza (Acanthiza) pusilla,Hanging Rock,-37.33194,144.59587,02-01-2017
,Acanthiza (Acanthiza) pusilla,Seaford Wetlands - Zone 6,-38.09815,145.13489,25-01-2017
,Acanthiza (Acanthiza) pusilla,Burke Road Billabong Reserve,-37.7820018,145.0604349,12-01-2019
,Acanthiza (Acanthiza) pusilla,"Koonung Creek Reserve (Elgar Road to near Winfield Road, Mont Albert North)",-37.7957057,145.113076,31-01-2018
,Acanthiza (Acanthiza) pusilla,Western Treatment Plant (Werribee),-37.9979213,144.5917511,19-01-2017
,Acanthiza (Acanthiza) pusilla,Devilbend Reservoir: Daangean Track,-38.29917,145.11333,24-01-2019
,Acanthiza (Acanthiza) pusilla,"Long Pt Rd, Cape Schanck",-38.45827,144.91068,12-01-2018
,Acanthiza (Acanthiza) pusilla,Chirnside Park,-37.74972,145.3144,30-01-2016
,Acanthiza (Acanthiza) pusilla,Oakleigh,-37.90384,145.08064,06-01-2015
,Acanthiza (Acanthiza) pusilla,Glen Alvie Rd Grantville,-38.419242,145.5498308,24-01-2018
,Acanthiza (Acanthiza) pusilla,Huntingdale Wetlands,-37.89307,145.10862,01-01-2015
,Acanthiza (Acanthiza) pusilla,"Alpine National Park, Mount Beauty AU-VIC (-36.7695,147.2141)",-36.76952,147.214075,05-01-2019
,Acanthiza (Acanthiza) pusilla,Eumeralla Flora Reserve (Anglesea),-38.40645,144.19873,02-01-2019
,Acanthiza (Acanthiza) pusilla,Marlo aerodrome,-37.79166,148.60944,04-01-2017
,Parvipsitta pusilla,Gemmill Swamp Nature Conservation Reserve,-36.3754,145.35557,11-01-2019
,Acanthiza (Acanthiza) pusilla,Dandenong Ranges National Park--Sherbrooke Forest,-37.8935502,145.3755569,23-01-2015
,Acanthiza (Acanthiza) pusilla,Wombat ck road,-37.39783,144.17431,20-01-2019
,Acanthiza (Acanthiza) pusilla,Karkarook Park,-37.9423192,145.0810933,26-01-2018
,Acanthiza (Acanthiza) pusilla,Bunyip State Park--Ash Landing Road,-37.9439098,145.650773,26-01-2017
,Parvipsitta pusilla,"Yonde Court, Greensborough",-37.6908419,145.0972939,01-01-2018
,Acanthiza (Acanthiza) pusilla,Cabbage Tree Creek Flora Reserve,-37.7471,148.6457,08-01-2019
,Acanthiza (Acanthiza) pusilla,Yarra Ranges National Park--Fernshaw Picnic Ground,-37.61441,145.6042,26-01-2017
,Acanthiza (Acanthiza) pusilla,Marlo aerodrome,-37.79166,148.60944,01-01-2018
,Acanthiza (Acanthiza) pusilla,Mordialloc Creek Wetland,-38.01806,145.13,20-01-2018
,Acanthiza (Acanthiza) pusilla,Balyang Sanctuary,-38.16428,144.33091,26-01-2016
,Acanthiza (Acanthiza) pusilla,Valley Reserve (Mount Waverley),-37.87878,145.1354,02-01-2016
,Acanthiza (Acanthiza) pusilla,Tanti Ck (Caldwell St),-38.2192,145.04664,04-01-2015
,Acanthiza (Acanthiza) pusilla,Royal Botanic Gardens (Melbourne),-37.8297966,144.9805232,14-01-2019
,Acanthiza (Acanthiza) pusilla,Mitchell River National Park--Angusvale Camp,-37.59158,147.35411,04-01-2017
,Acanthiza (Acanthiza) pusilla,Toolangi State Forest,-37.4803,145.54549,08-01-2019
,Acanthiza (Acanthiza) pusilla,"AU-VIC-Wombat State Forest - -37.4918x144.1745 - 19 Jan 2017, 11:56",-37.491838,144.174532,26-01-2017
,Acanthiza (Acanthiza) pusilla,Woods Reserve Tuerong,-38.28575,145.08012,15-01-2018
,Acanthiza (Acanthiza) pusilla,Rhyll,-38.46407,145.3026,15-01-2016
,Acanthiza (Acanthiza) pusilla,"Cascade Park, Macleod",-37.7169917,145.0604886,14-01-2018
,Acanthiza (Acanthiza) pusilla,Shepherds Bush,-37.8801378,145.1923943,19-01-2016
,Acanthiza (Acanthiza) pusilla,Hastings Foreshore Reserve,-38.3022469,145.1950228,14-01-2019
,Acanthiza (Acanthiza) pusilla,Neerim East State Forest,-38.03246,146.0322,11-01-2019
,Acanthiza (Acanthiza) pusilla,Phillip Island,-38.47939,145.23651,18-01-2018
,Acanthiza (Acanthiza) pusilla,Aquaduct Trail (Pakenham),-38.037179,145.451976,20-01-2018
,Parvipsitta pusilla,Werribee River at K Rd,-37.9402716,144.6724212,26-01-2019
,Acanthiza (Acanthiza) pusilla,You Yangs Regional Park,-37.9524007,144.4233942,21-01-2019
,Acanthiza (Acanthiza) pusilla,Rest Area South Gippsland Hwy Koo Wee Rup,-38.2153818,145.50286,19-01-2017
,Acanthiza (Acanthiza) pusilla,Heatherton,-37.95628,145.09912,31-01-2015
,Acanthiza (Acanthiza) pusilla,"Sword Grass Paddock Moonambel, BOF- T1312",-36.97951,143.26619,08-01-2019
,Acanthiza (Acanthiza) pusilla,"Barwon River, Belmont to Breakwater",-38.16499,144.35339,30-01-2017
,Acanthiza (Acanthiza) pusilla,"Oswin Roberts Reserve, Phillip Island",-38.47186,145.26706,02-01-2018
,Acanthiza (Acanthiza) pusilla,Mountain Creek Picnic & Camping Area,-36.7000006,147.2529262,19-01-2015
,Acanthiza (Acanthiza) pusilla,"Lyttleton Street, Castlemaine",-37.06461,144.22321,01-01-2019
,Acanthiza (Acanthiza) pusilla,Dans Nature Reserve,-38.26854,144.37657,02-01-2015
,Acanthiza (Acanthiza) pusilla,Braeside Heathland 2,-37.99306,145.13361,27-01-2017
,Acanthiza (Acanthiza) pusilla,Liverpool Road Retarding Basin,-37.8449,145.3141,01-01-2016
,Acanthiza (Acanthiza) pusilla,Minya Winery,-38.272664,144.377288,26-01-2017
,Acanthiza (Acanthiza) pusilla,Melba Gully State Park,-38.69837,143.37038,09-01-2016
,Acanthiza (Acanthiza) pusilla,Edithvale-Seaford Wetlands--Edithvale,-38.034166,145.125103,21-01-2018
,Acanthiza (Acanthiza) pusilla,Great Otway National Park--Aireys Inlet,-38.42615,144.0438,07-01-2017
,Acanthiza (Acanthiza) pusilla,"Oswin Roberts Reserve, Phillip Island",-38.47186,145.26706,22-01-2016
,Acanthiza (Acanthiza) pusilla,"9-11 Liddle Way, Vermont, Victoria, AU (-37.834, 145.217)",-37.8336317,145.2165911,22-01-2019
,Acanthiza (Acanthiza) pusilla,Dirty Hollow Creek and E Gippsland Rail Trail,-37.739037,147.812337,22-01-2017
,Acanthiza (Acanthiza) pusilla,Braeside Park Wetlands,-38.0079817,145.1273346,18-01-2019
,Parvipsitta pusilla,"Northern Golf Course, Glenroy (restricted access)",-37.70935,144.93026,13-01-2019
,Parvipsitta pusilla,Monash University Business Park,-37.9082385,145.1425615,11-01-2017
,Acanthiza (Acanthiza) pusilla,Balyang Sanctuary,-38.16428,144.33091,26-01-2016
,Acanthiza (Acanthiza) pusilla,You Yangs Regional Park--Western Plantation,-37.9415328,144.3877745,25-01-2016
,Acanthiza (Acanthiza) pusilla,Gresswell Habitat Link Nature Conservation Reserve,-37.7129888,145.0609446,23-01-2018
,Acanthiza (Acanthiza) pusilla,Braeside Park,-37.9973125,145.1302528,23-01-2016
,Acanthiza (Acanthiza) pusilla,Reedy Lake (Geelong)--Moolap Station Rd,-38.1952644,144.4172144,01-01-2016
,Acanthiza (Acanthiza) pusilla,Serendip Sanctuary,-38.0052428,144.4125366,15-01-2016
,Parvipsitta pusilla,Blackburn Lake,-37.8263279,145.1613235,03-01-2019
,Acanthiza (Acanthiza) pusilla,Princess Park (Queenscliff),-38.2656635,144.6653724,15-01-2017
,Acanthiza (Acanthiza) pusilla,Keysborough - Pencil Park,-38.0065651,145.1575338,05-01-2015
,Acanthiza (Acanthiza) pusilla,Ruffey Lake Park,-37.77715,145.14261,03-01-2019
,Acanthiza (Acanthiza) pusilla,Braeside Woodland 2,-37.99667,145.13,22-01-2016
,Acanthiza (Acanthiza) pusilla,Braeside Park,-37.9973125,145.1302528,06-01-2019
,Acanthiza (Acanthiza) pusilla,Wallagraraugh River and surrounding Rds to Wallagaraugh River Retreat,-37.43545,149.6898,02-01-2015
,Acanthiza (Acanthiza) pusilla,Venus Bay George Street,-38.694487,145.8052951,17-01-2018
,Acanthiza (Acanthiza) pusilla,AU-VIC-Rhyll-Cowes-Rhyll Road - -38.4626x145.2861 Rhyll Inlet Park,-38.462556,145.286131,23-01-2016
,Acanthiza (Acanthiza) pusilla,Western Treatment Plant (Werribee),-37.9979213,144.5917511,06-01-2016
,Acanthiza (Acanthiza) pusilla,Gresswell Lakes,-37.7137697,145.0563097,30-01-2016
,Acanthiza (Acanthiza) pusilla,Cape Schanck Private Property (restricted access),-38.47022,144.89792,08-01-2016
,Acanthiza (Acanthiza) pusilla,"Winter Swamp, Cardigan",-37.53449,143.78697,13-01-2019
,Acanthiza (Acanthiza) pusilla,Royal Botanic Gardens (Melbourne),-37.8297966,144.9805232,31-01-2019
,Acanthiza (Acanthiza) pusilla,"Scarborough Rd at Coriyule Rd, Curlewis",-38.1712599,144.5244062,13-01-2018
,Acanthiza (Acanthiza) pusilla,"WhitehorseRecyclingCtre,Danden",-37.86306,145.1953,06-01-2016
,Acanthiza (Acanthiza) pusilla,Wattle Grove Bed,-37.243393,145.203583,23-01-2017
,Acanthiza (Acanthiza) pusilla,Dandenong Valley Wetland,-37.9148358,145.2083266,17-01-2019
,Acanthiza (Acanthiza) pusilla,Huntingdale,-37.9086,145.10415,11-01-2015
,Acanthiza (Acanthiza) pusilla,Seascape Drive Woodlands (Indented Head),-38.1408296,144.6999711,14-01-2018
,Acanthiza (Acanthiza) pusilla,Stockyard Point,-38.3387951,145.5162764,03-01-2017
,Acanthiza (Acanthiza) pusilla,"Barwon River, western side at Belmont Common",-38.1689454,144.3592358,06-01-2019
,Acanthiza (Acanthiza) pusilla,Toolangi State Forest--Wirrawilla Rainforest,-37.5279024,145.5192375,02-01-2019
,Parvipsitta pusilla,Eynesbury Forest and Grasslands,-37.78699,144.57183,25-01-2017
,Acanthiza (Acanthiza) pusilla,Kalorama Memorial Reserve,-37.81598,145.3797,01-01-2016
,Acanthiza (Acanthiza) pusilla,Croajingolong National Park--Shipwreck Creek,-37.6462477,149.7004795,02-01-2018
,Acanthiza (Acanthiza) pusilla,You Yangs Regional Park,-37.9524007,144.4233942,09-01-2019
,Parvipsitta pusilla,Winchelsea-- Barwon Hotel,-38.242995,143.990924,11-01-2016
,Acanthiza (Acanthiza) pusilla,Stockyard Point,-38.3387951,145.5162764,10-01-2019
,Acanthiza (Acanthiza) pusilla,"Deptford Rd, Clifton Creek at -37.7319728, 147.6570976",-37.7319728,147.6570976,24-01-2016
,Acanthiza (Acanthiza) pusilla,Braeside Park Wetlands,-38.0079817,145.1273346,24-01-2019
,Acanthiza (Acanthiza) pusilla,The Cut,-37.87932,147.68217,15-01-2017
,Acanthiza (Acanthiza) pusilla,"Butterfield Reserve, Monbulk",-37.89389,145.4464,08-01-2016
,Acanthiza (Acanthiza) pusilla,Cummins Reserve and Wetlands (Yea),-37.2083749,145.4298525,10-01-2016
,Acanthiza (Acanthiza) pusilla,Liverpool Road Retarding Basin,-37.8449,145.3141,01-01-2016
,Acanthiza (Acanthiza) pusilla,"Lake Rd, b/w Shaws La and Barwon Heads Rd, Connewarre",-38.24121,144.39713,11-01-2015
,Acanthiza (Acanthiza) pusilla,"Butterfield Reserve, Monbulk",-37.89081,145.44559,05-01-2018
,Acanthiza (Acanthiza) pusilla,Shepherds Bush,-37.8801378,145.1923943,09-01-2017
,Acanthiza (Acanthiza) pusilla,Braeside Park,-37.9973125,145.1302528,06-01-2019
,Acanthiza (Acanthiza) pusilla,"Reids Rd / far NE Brisbane Ranges, Rowsley 1' Cell",-37.74166,144.32499,27-01-2018
,Acanthiza (Acanthiza) pusilla,Serendip Sanctuary,-38.0052428,144.4125366,22-01-2019
,Acanthiza (Acanthiza) pusilla,"Deptford Rd, Clifton Creek at -37.7319728, 147.6570976",-37.7319728,147.6570976,22-01-2016
,Acanthiza (Acanthiza) pusilla,Banyule Flats Reserve,-37.7491958,145.0893223,26-01-2016
,Acanthiza (Acanthiza) pusilla,Shepherds Bush,-37.8801378,145.1923943,26-01-2015
,Acanthiza (Acanthiza) pusilla,double ck nature trail,-37.53,149.68889,27-01-2017
,Acanthiza (Acanthiza) pusilla,Seaview Rd. Tyabb,-38.2534818,145.1718807,08-01-2018
,Acanthiza (Acanthiza) pusilla,Edwards Point Wildlife Reserve,-38.20797,144.70298,15-01-2015
,Acanthiza (Acanthiza) pusilla,Clayton South - Namatjira Park,-37.9348462,145.1108089,01-01-2015
,Acanthiza (Acanthiza) pusilla,Lake Lorne,-38.1812382,144.5575991,07-01-2017
,Acanthiza (Acanthiza) pusilla,Bulleen,-37.76474,145.09162,07-01-2016
,Acanthiza (Acanthiza) pusilla,Blackburn Lake,-37.8263279,145.1613235,14-01-2017
,Acanthiza (Acanthiza) pusilla,Jells Park,-37.8981684,145.1998361,26-01-2016
,Acanthiza (Acanthiza) pusilla,St Leonards Lake Reserve,-38.17513,144.71324,31-01-2015
,Acanthiza (Acanthiza) pusilla,"Edithvale north, Zone 5",-38.02952,145.12556,16-01-2015
,Parvipsitta pusilla,Mulgrave - Wellington Park,-37.919549,145.1488647,27-01-2018
,Acanthiza (Acanthiza) pusilla,"Balcombe Estuary, Mt Martha",-38.26466,145.01747,07-01-2019
,Acanthiza (Acanthiza) pusilla,"Delaneys Rd, Lake Colac",-38.2973486,143.563036,31-01-2017
,Acanthiza (Acanthiza) pusilla,Rhyll,-38.46407,145.3026,05-01-2017
,Acanthiza (Acanthiza) pusilla,Dorothy Laver Reserve,-37.86582,145.06463,26-01-2016
,Acanthiza (Acanthiza) pusilla,Valley Reserve (Mount Waverley),-37.87878,145.1354,11-01-2018
,Acanthiza (Acanthiza) pusilla,Lysterfield Lake Park,-37.9483398,145.297966,24-01-2017
,Acanthiza (Acanthiza) pusilla,Lake Colac,-38.30933,143.59268,12-01-2019
,Acanthiza (Acanthiza) pusilla,Dandenong Valley Wetland,-37.9144228,145.211792,26-01-2015
,Acanthiza (Acanthiza) pusilla,Great Otway National Park--Ironbark Gorge,-38.43444,144.07611,31-01-2015
,Acanthiza (Acanthiza) pusilla,Lower Glenelg National Park,-38.05457,141.2622,07-01-2019
,Acanthiza (Acanthiza) pusilla,Seymour,-37.0248,145.13509,29-01-2017
,Parvipsitta pusilla,Warby-Ovens National Park--Killawarra Forest Camp and Oval,-36.220922,146.174681,15-01-2015
,Acanthiza (Acanthiza) pusilla,"Kimberley Reserve, Chirnside Park",-37.7497,145.30976,19-01-2017
,Acanthiza (Acanthiza) pusilla,Little Boggy Creek Retarding Basin,-38.13897,145.20427,10-01-2019
,Acanthiza (Acanthiza) pusilla,Yarran Dheran Reserve,-37.80646,145.20466,18-01-2015
,Acanthiza (Acanthiza) pusilla,"Mount Arapiles-Tooan State Park at -36.74676, 141.81243",-36.74676,141.81243,09-01-2018
,Acanthiza (Acanthiza) pusilla,"Shiney Eye Track at Dusty Miller Track, Anglesea",-38.3651501,144.1990864,26-01-2018
,Acanthiza (Acanthiza) pusilla,Karkarook Park,-37.9423192,145.0810933,25-01-2015
,Acanthiza (Acanthiza) pusilla,"235 Lawrence Road, Mount Waverley AU-VIC",-37.875034,145.141473,10-01-2018
,Acanthiza (Acanthiza) pusilla,Shoreham Beach,-38.43602,145.046,02-01-2019
,Acanthiza (Acanthiza) pusilla,Jells Park,-37.8981684,145.1998361,02-01-2019
,Acanthiza (Acanthiza) pusilla,Ringwood Lake,-37.81333,145.23861,20-01-2019
,Acanthiza (Acanthiza) pusilla,Tooborac Nature Conservation Reserve--North West Edge,-37.0233,144.87692,07-01-2018
,Acanthiza (Acanthiza) pusilla,Croajingalong National Park - Lakeview Track,-37.50673,149.820857,28-01-2017
,Parvipsitta pusilla,The Heights,-37.8577782,145.0637341,26-01-2017
,Acanthiza (Acanthiza) pusilla,Gherang Gherang Bushland Reserve,-38.307164,144.150732,20-01-2019
,Acanthiza (Acanthiza) pusilla,Croajingolong National Park,-37.63489,149.62005,23-01-2016
,Acanthiza (Acanthiza) pusilla,You Yangs Regional Park,-37.9524007,144.4233942,11-01-2015
,Acanthiza (Acanthiza) pusilla,Wilsons Promontory National Park--Lilly Pilly Gully,-39.019197,146.3317966,08-01-2015
,Acanthiza (Acanthiza) pusilla,Cummins Reserve and Wetlands (Yea),-37.2083749,145.4298525,30-01-2018
,Acanthiza (Acanthiza) pusilla,Oakleigh East - F.E. Hunt Reserve,-37.89973,145.11895,09-01-2016
,Parvipsitta pusilla,Serendip Sanctuary,-38.0052428,144.4125366,10-01-2016
,Parvipsitta pusilla,Werribee River at K Rd,-37.9402716,144.6724212,26-01-2019
,Parvipsitta pusilla,Braeside Park,-37.9973125,145.1302528,16-01-2016
,Acanthiza (Acanthiza) pusilla,EAGA Ryburne Avenue Reserve,-37.87528,145.0725,24-01-2016
,Porzana (Porzana) pusilla,WTP - T-Section Lagoon 4,-38.04806,144.50528,11-01-2018
,Acanthiza (Acanthiza) pusilla,Dorothy Laver Reserve,-37.86582,145.06463,31-01-2015
,Acanthiza (Acanthiza) pusilla,Mornington Peninsula National Park--Greens Bush,-38.4302613,144.9358463,12-01-2019
,Acanthiza (Acanthiza) pusilla,Karbeethong,-37.5372703,149.7424936,23-01-2016
,Acanthiza (Acanthiza) pusilla,"Edithvale north, Zone 5",-38.03083,145.12444,21-01-2017
,Acanthiza (Acanthiza) pusilla,Carnegie,-37.88736,145.05664,05-01-2019
,Acanthiza (Acanthiza) pusilla,Warrandyte State Park--Pound Bend,-37.73467,145.20595,25-01-2016
,Acanthiza (Acanthiza) pusilla,Bunyip State Park--Mortimer Picnic Ground,-37.984357,145.595046,29-01-2016
,Acanthiza (Acanthiza) pusilla,Royal Botanic Gardens (Melbourne),-37.8297966,144.9805232,03-01-2018
,Porzana (Porzana) pusilla,MA4-wayma,-35.97383,147.62128,03-01-2018
,Acanthiza (Acanthiza) pusilla,"Blue Waters Lake Reserve, Ocean Grove",-38.25941,144.51398,26-01-2019
,Acanthiza (Acanthiza) pusilla,Western Treatment Plant - T Ponds and Western Lagoons,-38.043428,144.511314,05-01-2018
,Parvipsitta pusilla,Chiltern-Mt Pilot National Park--Chiltern Valley #2 Dam,-36.1462616,146.5514803,07-01-2018
,Acanthiza (Acanthiza) pusilla,"AU-VIC-Golden Beach-Gippsland Lakes Coastal Park - -38.2022x147.4080 - 18 Jan 2017, 18:31",-38.202249,147.407971,22-01-2017
,Acanthiza (Acanthiza) pusilla,Surf Coast Walk,-38.38472,144.25028,15-01-2017
,Acanthiza (Acanthiza) pusilla,Surfcoast Walk--Anglesea,-38.4041,144.20222,26-01-2015
,Acanthiza (Acanthiza) pusilla,Phillip Island Nature Park--Fishers Wetland,-38.5113352,145.3407378,21-01-2018
,Acanthiza (Acanthiza) pusilla,EAGA Wombalano Park North,-37.82176,145.25333,16-01-2018
,Acanthiza (Acanthiza) pusilla,"1 Janda Court, Box Hill North AU-VIC (-37.7998,145.1204)",-37.799755,145.120386,07-01-2018
,Acanthiza (Acanthiza) pusilla,"AU-VIC-Cape Conran Coastal Park - -37.7530x148.8039 - 7 Jan 2017, 10:37 am",-37.752998,148.803929,07-01-2017
,Acanthiza (Acanthiza) pusilla,Ironbark Basin,-38.37988,144.25203,14-01-2016
,Porzana (Porzana) pusilla,Dandenong Valley Wetland,-37.9144228,145.211792,24-01-2015
,Acanthiza (Acanthiza) pusilla,Baldry Crossing Picnic Area,-38.4209148,144.9606943,02-01-2019
,Parvipsitta pusilla,Herriot Street (Heathcote),-36.926416,144.702711,11-01-2018
,Acanthiza (Acanthiza) pusilla,Lerderderg River (1km north of New Sultan Rd),-37.466769,144.280665,10-01-2018
,Acanthiza (Acanthiza) pusilla,Reedy Lake (Geelong)--Moolap Station Rd,-38.1952644,144.4172144,01-01-2016
,Parvipsitta pusilla,"Northern Golf Course, Glenroy (restricted access)",-37.70935,144.93026,04-01-2019
,Acanthiza (Acanthiza) pusilla,Bunyip State Park--Link Road,-37.9504244,145.6236076,31-01-2015
,Acanthiza (Acanthiza) pusilla,Cape Conran Heathland Walk,-37.79249,148.73401,24-01-2018
,Acanthiza (Acanthiza) pusilla,Great Otway National Park--Distillery Creek Picnic Area,-38.4441064,144.0948136,11-01-2018
,Acanthiza (Acanthiza) pusilla,Bunurong NP Flat Rocks,-38.65,145.69167,21-01-2017
,Acanthiza (Acanthiza) pusilla,"Mullawallah Wetlands, Lucas",-37.5348791,143.7977529,03-01-2019
,Acanthiza (Acanthiza) pusilla,E.T.P. Boggy Creek Wetland,-38.09,145.1553,03-01-2016
,Acanthiza (Acanthiza) pusilla,Bogans Lane at Freshwater Creek (Mt Duneed),-38.2463314,144.2585578,05-01-2018
,Acanthiza (Acanthiza) pusilla,Point Roadknight,-38.4289166,144.1810942,22-01-2017
,Acanthiza (Acanthiza) pusilla,Yarra Junction,-37.78428,145.61691,21-01-2019
,Acanthiza (Acanthiza) pusilla,Bentleigh,-37.9186751,145.0357103,31-01-2015
,Acanthiza (Acanthiza) pusilla,Baines Rd Mosssiface,-37.756555,147.8335547,01-01-2017
,Acanthiza (Acanthiza) pusilla,Indented Head,-38.1332,144.70813,31-01-2015
,Acanthiza (Acanthiza) pusilla,Mitchells Creek,-37.30472,146.35638,10-01-2017
,Acanthiza (Acanthiza) pusilla,Dorothy Laver Reserve,-37.86582,145.06463,02-01-2017
,Acanthiza (Acanthiza) pusilla,Healesville Sanctuary,-37.68382,145.53279,23-01-2017
,Acanthiza (Acanthiza) pusilla,Croajingolong National Park--Double Creek Arm,-37.52443,149.70314,01-01-2015
,Acanthiza (Acanthiza) pusilla,Sinclair's Road: Munro,-37.9055081,147.2125268,17-01-2016
,Acanthiza (Acanthiza) pusilla,You Yangs Regional Park,-37.9524007,144.4233942,17-01-2017
,Acanthiza (Acanthiza) pusilla,Thomastown East Reserve,-37.68432,145.04059,05-01-2019
,Acanthiza (Acanthiza) pusilla,Wonthaggi Heathland and Coastal Reserve,-38.63752,145.56713,26-01-2019
,Acanthiza (Acanthiza) pusilla,429 Brays Road,-37.6478,143.776,22-01-2017
,Acanthiza (Acanthiza) pusilla,Aireys Inlet Water Reclamation Facility,-38.4262777,144.1162374,26-01-2018
,Acanthiza (Acanthiza) pusilla,Lake Lorne,-38.1812382,144.5575991,20-01-2018
,Acanthiza (Acanthiza) pusilla,Bunyip State Park,-37.9423293,145.6914139,16-01-2015
,Acanthiza (Acanthiza) pusilla,Black Range South,-37.17833,142.02889,09-01-2019
,Acanthiza (Acanthiza) pusilla,AU-VIC-Viewbank-Banyule Flats Reserve - -37.7489x145.0864,-37.748864,145.086376,01-01-2017
,Acanthiza (Acanthiza) pusilla,Melbourne Water Retarding Basin Mount Waverley,-37.88427,145.14226,19-01-2017
,Acanthiza (Acanthiza) pusilla,Lake Colac  Bird Sanctuary,-38.33097,143.5970694,17-01-2017
,Acanthiza (Acanthiza) pusilla,Bentleigh East,-37.91711,145.05214,08-01-2015
,Acanthiza (Acanthiza) pusilla,Banyule Flats Reserve,-37.7491958,145.0893223,21-01-2018
,Acanthiza (Acanthiza) pusilla,Braeside Park Wetlands,-38.0079817,145.1273346,18-01-2019
,Acanthiza (Acanthiza) pusilla,Bunyip State Park--Buttongrass Walk,-37.98682,145.6418,12-01-2019
,Parvipsitta pusilla,Gemmill Swamp Nature Conservation Reserve,-36.3794865,145.359292,07-01-2018
,Acanthiza (Acanthiza) pusilla,Dorothy Laver Reserve,-37.86582,145.06463,21-01-2017
,Acanthiza (Acanthiza) pusilla,Marlo,-37.7945,148.53545,24-01-2016
,Acanthiza (Acanthiza) pusilla,Bulleen,-37.76474,145.09162,01-01-2019
,Acanthiza (Acanthiza) pusilla,Mornington Peninsula National Park--Greens Bush,-38.4302613,144.9358463,01-01-2019
,Acanthiza (Acanthiza) pusilla,BOF-T1256,-37.90062,147.45032,03-01-2019
,Acanthiza (Acanthiza) pusilla,Nortons Road,-38.31806,144.16,01-01-2017
,Acanthiza (Acanthiza) pusilla,Jallukar Nature Conservation Reserve,-37.2381,142.7422,16-01-2018
,Acanthiza (Acanthiza) pusilla,Mornington Peninsula National Park--Greens Bush,-38.4302613,144.9358463,25-01-2015
,Acanthiza (Acanthiza) pusilla,Marlo,-37.7945,148.53545,14-01-2018
,Acanthiza (Acanthiza) pusilla,Eagle Point walking track,-37.88986,147.67329,02-01-2018
,Acanthiza (Acanthiza) pusilla,Bentleigh,-37.9186751,145.0357103,28-01-2017
,Acanthiza (Acanthiza) pusilla,Shepherds Bush,-37.8801378,145.1923943,31-01-2017
,Acanthiza (Acanthiza) pusilla,"Woodend Road, Warrnambool AU-VIC (-38.3597,142.4746)",-38.359749,142.474558,19-01-2019
,Acanthiza (Acanthiza) pusilla,AU-VIC-Tonimbuk - -37.9838x145.6354 - 31 Jan 2015 4:26 pm,-37.983786,145.63544,31-01-2015
,Acanthiza (Acanthiza) pusilla,Dandenong Valley Wetland,-37.9148358,145.2083266,19-01-2017
,Acanthiza (Acanthiza) pusilla,Yuilles Wetlands,-37.5908325,143.8476384,24-01-2017
,Acanthiza (Acanthiza) pusilla,Bunyip State Park--Diamond Creek crossing,-37.98436,145.64222,01-01-2018
,Acanthiza (Acanthiza) pusilla,"Cascade Park, Macleod",-37.7169917,145.0604886,28-01-2019
,Acanthiza (Acanthiza) pusilla,Longwarry Service Stations,-38.08633,145.77762,28-01-2019
,Porzana (Porzana) pusilla,Dandenong Valley Wetland,-37.9144228,145.211792,23-01-2015
,Acanthiza (Acanthiza) pusilla,Karkarook Park,-37.9423192,145.0810933,31-01-2015
,Acanthiza (Acanthiza) pusilla,Valley of the Liquidambars (Heathcote),-36.92535,144.712914,16-01-2018
,Acanthiza (Acanthiza) pusilla,Carlisle State Park--Old Carlisle Track,-38.5534682,143.4375429,07-01-2016
,Acanthiza (Acanthiza) pusilla,Oakleigh East - Surrey Crescent,-37.9082014,145.114464,27-01-2019
,Acanthiza (Acanthiza) pusilla,Eynesbury Forest and Grasslands,-37.78699,144.57183,08-01-2017
,Acanthiza (Acanthiza) pusilla,Clarkesdale Bird Sanctuary,-37.70725,143.59294,28-01-2019
,Acanthiza (Acanthiza) pusilla,Marlo aerodrome,-37.79166,148.60944,04-01-2017
,Acanthiza (Acanthiza) pusilla,Wright Street and McIvor Creek (Heathcote),-36.9205,144.709025,10-01-2017
,Acanthiza (Acanthiza) pusilla,Yarra Ranges National Park--Badger Weir Park,-37.6845132,145.5736542,04-01-2015
,Acanthiza (Acanthiza) pusilla,"Corhanwarrabul and Ferny Creek, Knoxfield",-37.90497,145.24196,04-01-2017
,Acanthiza (Acanthiza) pusilla,Princess Park (Queenscliff),-38.2656635,144.6653724,20-01-2018
,Acanthiza (Acanthiza) pusilla,AU-VIC-Phillip Island - -38.5109x145.3409 - 23 Jan 2015 7:01 pm,-38.510883,145.340882,23-01-2015
,Acanthiza (Acanthiza) pusilla,Ironbark Basin,-38.37988,144.25203,04-01-2019
,Acanthiza (Acanthiza) pusilla,AU-Victoria-Glengarry West-35 Guide Camp Road - -38.129x146.516,-38.1285005,146.5160006,27-01-2017
,Acanthiza (Acanthiza) pusilla,Flowerdale,-37.31711,145.29319,14-01-2015
,Acanthiza (Acanthiza) pusilla,Kimbolton State Forest,-36.90694,144.48972,01-01-2018
,Acanthiza (Acanthiza) pusilla,Serendip Sanctuary,-38.0052428,144.4125366,21-01-2017
,Acanthiza (Acanthiza) pusilla,Rhyll,-38.46407,145.3026,01-01-2017
,Acanthiza (Acanthiza) pusilla,BOF-T1271,-37.26041,142.6356,18-01-2019
,Acanthiza (Acanthiza) pusilla,Seymour,-37.0248,145.13509,10-01-2015
,Acanthiza (Acanthiza) pusilla,Croajingolong National Park--Shipwreck Creek,-37.6462477,149.7004795,31-01-2016
,Acanthiza (Acanthiza) pusilla,Woodlands Historic Park,-37.6364743,144.8455524,01-01-2016
,Acanthiza (Acanthiza) pusilla,Reedy Lake (Geelong)--Fitzgerald Rd,-38.20918,144.43676,19-01-2016
,Acanthiza (Acanthiza) pusilla,Bunyip State Park--Camp Rd,-37.99149,145.63218,01-01-2018
,Acanthiza (Acanthiza) pusilla,Dandenong Valley Wetland,-37.9144228,145.211792,24-01-2015
,Acanthiza (Acanthiza) pusilla,"Koonung Creek Reserve (Elgar Road to near Winfield Road, Mont Albert North)",-37.7957057,145.113076,24-01-2018
,Acanthiza (Acanthiza) pusilla,Great Otway National Park--Distillery Creek Picnic Area,-38.4441064,144.0948136,19-01-2018
,Acanthiza (Acanthiza) pusilla,"Oswin Roberts Reserve, Phillip Island",-38.47186,145.26706,04-01-2018
,Acanthiza (Acanthiza) pusilla,Mulgrave Reserve,-37.92163,145.20351,02-01-2018
,Acanthiza (Acanthiza) pusilla,Jells Park,-37.8981684,145.1998361,03-01-2019
,Acanthiza (Acanthiza) pusilla,Fairy Dell Flora Reserve,-37.69111,147.77583,03-01-2017
,Acanthiza (Acanthiza) pusilla,"Millbank Private Gardens, Tyers",-38.1334838,146.5047576,19-01-2019
,Acanthiza (Acanthiza) pusilla,Reedy Lake (Geelong)--Moolap Station Rd,-38.1952644,144.4172144,04-01-2019
,Acanthiza (Acanthiza) pusilla,Spadoni's Reserve,-37.68056,145.3492,28-01-2015
,Acanthiza (Acanthiza) pusilla,Western Treatment Plant (Werribee),-37.9979213,144.5917511,01-01-2016
,Acanthiza (Acanthiza) pusilla,You Yangs Regional Park--Gravel Pit Tor,-37.94049,144.42748,05-01-2015
,Acanthiza (Acanthiza) pusilla,Tarago State Forest,-37.96296,145.93336,29-01-2018
,Acanthiza (Acanthiza) pusilla,Bunyip State Park,-37.9423293,145.6914139,12-01-2017
,Acanthiza (Acanthiza) pusilla,Huntingdale Wetlands 1' Cell,-37.89184,145.10814,09-01-2016
,Acanthiza (Acanthiza) pusilla,Nowa Nowa,-37.73139,148.09148,15-01-2015
,Acanthiza (Acanthiza) pusilla,"Greens Road, Main Ridge AU-VIC (-38.4098,144.9486)",-38.409801,144.948592,17-01-2018
,Acanthiza (Acanthiza) pusilla,Gresswell Forest Nature Conservation Reserve,-37.7122759,145.0716305,23-01-2018
,Acanthiza (Acanthiza) pusilla,Huntingdale Wetlands,-37.89307,145.10862,14-01-2017
,Acanthiza (Acanthiza) pusilla,"Meadowell Road, Gerangamete",-38.4659174,143.6710614,10-01-2019
,Acanthiza (Acanthiza) pusilla,"Pencil Park, Keysborough",-38.00656,145.15933,05-01-2017
,Acanthiza (Acanthiza) pusilla,Langwarrin Flora and Fauna Reserve,-38.17316,145.17505,26-01-2016
,Acanthiza (Acanthiza) pusilla,Phillip Island,-38.47939,145.23651,07-01-2019
,Acanthiza (Acanthiza) pusilla,Stockyard Point,-38.3387951,145.5162764,04-01-2017
,Acanthiza (Acanthiza) pusilla,"Upper Bakers Gully, Bright",-36.7589041,146.956871,26-01-2019
,Acanthiza (Acanthiza) pusilla,waterloo st rhyll victoria australia,-38.4685215,145.2987948,18-01-2018
,Acanthiza (Acanthiza) pusilla,Yuilles Wetlands,-37.5908325,143.8476384,28-01-2017
,Acanthiza (Acanthiza) pusilla,"Knights Road, Mannerim",-38.2351464,144.6105051,10-01-2019
,Acanthiza (Acanthiza) pusilla,AU-Victoria-Bendoc-Plantation Track - -37.226x148.75,-37.2262987,148.7502077,17-01-2018
,Acanthiza (Acanthiza) pusilla,E Gippsland Rail Trail at old Station siding (Bruthen),-37.706114,147.820002,10-01-2018
